Date,Total
2004-01-01,129000
2004-01-02,419000
2004-01-03,222000
2004-01-04,140000
2004-01-05,564000
2004-01-06,609000
2004-01-07,609000
2004-01-08,611000
2004-01-09,624000
2004-01-10,201000
2004-01-11,135000
2004-01-12,618000
2004-01-13,660000
2004-01-14,661000
2004-01-15,628000
2004-01-16,594000
2004-01-17,236000
2004-01-18,148000
2004-01-19,220000
2004-01-20,617000
2004-01-21,647000
2004-01-22,687000
2004-01-23,640000
2004-01-24,221000
2004-01-25,136000
2004-01-26,436000
2004-01-27,517000
2004-01-28,614000
2004-01-29,655000
2004-01-30,633000
2004-01-31,215000
2004-02-01,134000
2004-02-02,615000
2004-02-03,598000
2004-02-04,659000
2004-02-05,652000
2004-02-06,603000
2004-02-07,238000
2004-02-08,141000
2004-02-09,621000
2004-02-10,650000
2004-02-11,660000
2004-02-12,651000
2004-02-13,644000
2004-02-14,273000
2004-02-15,168000
2004-02-16,241000
2004-02-17,634000
2004-02-18,648000
2004-02-19,665000
2004-02-20,664000
2004-02-21,258000
2004-02-22,145000
2004-02-23,622000
2004-02-24,646000
2004-02-25,657000
2004-02-26,653000
2004-02-27,638000
2004-02-28,251000
2004-02-29,151000
2004-03-01,619000
2004-03-02,647000
2004-03-03,660000
2004-03-04,663000
2004-03-05,660000
2004-03-06,253000
2004-03-07,172000
2004-03-08,630000
2004-03-09,661000
2004-03-10,660000
2004-03-11,663000
2004-03-12,653000
2004-03-13,273000
2004-03-14,177000
2004-03-15,642000
2004-03-16,646000
2004-03-17,679000
2004-03-18,642000
2004-03-19,657000
2004-03-20,276000
2004-03-21,173000
2004-03-22,633000
2004-03-23,680000
2004-03-24,694000
2004-03-25,692000
2004-03-26,681000
2004-03-27,315000
2004-03-28,225000
2004-03-29,648000
2004-03-30,677000
2004-03-31,674000
2004-04-01,662000
2004-04-02,669000
2004-04-03,415000
2004-04-04,216000
2004-04-05,636000
2004-04-06,696000
2004-04-07,708000
2004-04-08,667000
2004-04-09,657000
2004-04-10,323000
2004-04-11,145000
2004-04-12,581000
2004-04-13,653000
2004-04-14,685000
2004-04-15,702000
2004-04-16,693000
2004-04-17,303000
2004-04-18,196000
2004-04-19,659000
2004-04-20,690000
2004-04-21,689000
2004-04-22,700000
2004-04-23,685000
2004-04-24,351000
2004-04-25,391000
2004-04-26,633000
2004-04-27,669000
2004-04-28,673000
2004-04-29,665000
2004-04-30,656000
2004-05-01,250000
2004-05-02,157000
2004-05-03,613000
2004-05-04,662000
2004-05-05,668000
2004-05-06,673000
2004-05-07,644000
2004-05-08,256000
2004-05-09,167000
2004-05-10,617000
2004-05-11,669000
2004-05-12,679000
2004-05-13,687000
2004-05-14,667000
2004-05-15,278000
2004-05-16,181000
2004-05-17,638000
2004-05-18,670000
2004-05-19,676000
2004-05-20,676000
2004-05-21,660000
2004-05-22,330000
2004-05-23,174000
2004-05-24,647000
2004-05-25,684000
2004-05-26,677000
2004-05-27,691000
2004-05-28,675000
2004-05-29,370000
2004-05-30,266000
2004-05-31,198000
2004-06-01,669000
2004-06-02,700000
2004-06-03,713000
2004-06-04,684000
2004-06-05,278000
2004-06-06,194000
2004-06-07,677000
2004-06-08,713000
2004-06-09,842000
2004-06-10,758000
2004-06-11,428000
2004-06-12,300000
2004-06-13,213000
2004-06-14,707000
2004-06-15,728000
2004-06-16,734000
2004-06-17,714000
2004-06-18,691000
2004-06-19,288000
2004-06-20,200000
2004-06-21,690000
2004-06-22,714000
2004-06-23,723000
2004-06-24,729000
2004-06-25,703000
2004-06-26,344000
2004-06-27,231000
2004-06-28,687000
2004-06-29,707000
2004-06-30,713000
2004-07-01,710000
2004-07-02,669000
2004-07-03,329000
2004-07-04,353000
2004-07-05,239000
2004-07-06,679000
2004-07-07,706000
2004-07-08,708000
2004-07-09,689000
2004-07-10,277000
2004-07-11,188000
2004-07-12,668000
2004-07-13,714000
2004-07-14,712000
2004-07-15,731000
2004-07-16,698000
2004-07-17,292000
2004-07-18,183000
2004-07-19,681000
2004-07-20,714000
2004-07-21,716000
2004-07-22,709000
2004-07-23,686000
2004-07-24,283000
2004-07-25,184000
2004-07-26,659000
2004-07-27,681000
2004-07-28,683000
2004-07-29,693000
2004-07-30,673000
2004-07-31,277000
2004-08-01,176000
2004-08-02,627000
2004-08-03,670000
2004-08-04,676000
2004-08-05,670000
2004-08-06,670000
2004-08-07,283000
2004-08-08,188000
2004-08-09,620000
2004-08-10,651000
2004-08-11,651000
2004-08-12,653000
2004-08-13,623000
2004-08-14,228000
2004-08-15,169000
2004-08-16,603000
2004-08-17,634000
2004-08-18,638000
2004-08-19,631000
2004-08-20,613000
2004-08-21,222000
2004-08-22,174000
2004-08-23,588000
2004-08-24,623000
2004-08-25,627000
2004-08-26,631000
2004-08-27,616000
2004-08-28,250000
2004-08-29,162000
2004-08-30,585000
2004-08-31,621000
2004-09-01,641000
2004-09-02,635000
2004-09-03,602000
2004-09-04,242000
2004-09-05,175000
2004-09-06,149000
2004-09-07,614000
2004-09-08,648000
2004-09-09,662000
2004-09-10,659000
2004-09-11,260000
2004-09-12,187000
2004-09-13,636000
2004-09-14,669000
2004-09-15,662000
2004-09-16,655000
2004-09-17,644000
2004-09-18,259000
2004-09-19,187000
2004-09-20,653000
2004-09-21,727000
2004-09-22,705000
2004-09-23,694000
2004-09-24,672000
2004-09-25,293000
2004-09-26,181000
2004-09-27,648000
2004-09-28,646000
2004-09-29,676000
2004-09-30,681000
2004-10-01,671000
2004-10-02,261000
2004-10-03,186000
2004-10-04,648000
2004-10-05,675000
2004-10-06,683000
2004-10-07,695000
2004-10-08,664000
2004-10-09,308000
2004-10-10,211000
2004-10-11,332000
2004-10-12,658000
2004-10-13,681000
2004-10-14,692000
2004-10-15,691000
2004-10-16,300000
2004-10-17,201000
2004-10-18,645000
2004-10-19,665000
2004-10-20,667000
2004-10-21,677000
2004-10-22,658000
2004-10-23,282000
2004-10-24,181000
2004-10-25,641000
2004-10-26,684000
2004-10-27,672000
2004-10-28,679000
2004-10-29,668000
2004-10-30,293000
2004-10-31,250000
2004-11-01,637000
2004-11-02,620000
2004-11-03,617000
2004-11-04,604000
2004-11-05,633000
2004-11-06,260000
2004-11-07,157000
2004-11-08,641000
2004-11-09,679000
2004-11-10,681000
2004-11-11,392000
2004-11-12,591000
2004-11-13,268000
2004-11-14,179000
2004-11-15,629000
2004-11-16,662000
2004-11-17,684000
2004-11-18,670000
2004-11-19,677000
2004-11-20,278000
2004-11-21,158000
2004-11-22,635000
2004-11-23,652000
2004-11-24,561000
2004-11-25,87000
2004-11-26,353000
2004-11-27,216000
2004-11-28,140000
2004-11-29,600000
2004-11-30,646000
2004-12-01,658000
2004-12-02,672000
2004-12-03,659000
2004-12-04,269000
2004-12-05,176000
2004-12-06,617000
2004-12-07,656000
2004-12-08,683000
2004-12-09,671000
2004-12-10,658000
2004-12-11,246000
2004-12-12,165000
2004-12-13,624000
2004-12-14,655000
2004-12-15,664000
2004-12-16,429000
2004-12-17,634000
2004-12-18,231000
2004-12-19,139000
2004-12-20,540000
2004-12-21,582000
2004-12-22,577000
2004-12-23,450000
2004-12-24,150000
2004-12-25,54000
2004-12-26,126000
2004-12-27,423000
2004-12-28,493000
2004-12-29,532000
2004-12-30,504000
2004-12-31,261000
2005-01-01,157000
2005-01-02,146000
2005-01-03,533000
2005-01-04,601000
2005-01-05,605000
2005-01-06,622000
2005-01-07,609000
2005-01-08,222000
2005-01-09,143000
2005-01-10,627000
2005-01-11,656000
2005-01-12,671000
2005-01-13,663000
2005-01-14,632000
2005-01-15,246000
2005-01-16,160000
2005-01-17,221000
2005-01-18,642000
2005-01-19,753000
2005-01-20,574000
2005-01-21,655000
2005-01-22,182000
2005-01-23,131000
2005-01-24,636000
2005-01-25,652000
2005-01-26,666000
2005-01-27,646000
2005-01-28,630000
2005-01-29,251000
2005-01-30,130000
2005-01-31,609000
2005-02-01,658000
2005-02-02,661000
2005-02-03,652000
2005-02-04,645000
2005-02-05,257000
2005-02-06,147000
2005-02-07,626000
2005-02-08,653000
2005-02-09,669000
2005-02-10,655000
2005-02-11,648000
2005-02-12,256000
2005-02-13,176000
2005-02-14,608000
2005-02-15,652000
2005-02-16,661000
2005-02-17,669000
2005-02-18,647000
2005-02-19,275000
2005-02-20,178000
2005-02-21,256000
2005-02-22,649000
2005-02-23,679000
2005-02-24,609000
2005-02-25,644000
2005-02-26,260000
2005-02-27,171000
2005-02-28,545000
2005-03-01,640000
2005-03-02,674000
2005-03-03,670000
2005-03-04,669000
2005-03-05,265000
2005-03-06,180000
2005-03-07,648000
2005-03-08,639000
2005-03-09,668000
2005-03-10,695000
2005-03-11,692000
2005-03-12,313000
2005-03-13,202000
2005-03-14,663000
2005-03-15,690000
2005-03-16,689000
2005-03-17,698000
2005-03-18,686000
2005-03-19,317000
2005-03-20,190000
2005-03-21,676000
2005-03-22,718000
2005-03-23,677000
2005-03-24,717000
2005-03-25,640000
2005-03-26,301000
2005-03-27,165000
2005-03-28,610000
2005-03-29,710000
2005-03-30,741000
2005-03-31,717000
2005-04-01,717000
2005-04-02,253000
2005-04-03,229000
2005-04-04,670000
2005-04-05,724000
2005-04-06,751000
2005-04-07,722000
2005-04-08,720000
2005-04-09,558000
2005-04-10,325000
2005-04-11,685000
2005-04-12,693000
2005-04-13,708000
2005-04-14,759000
2005-04-15,727000
2005-04-16,376000
2005-04-17,274000
2005-04-18,709000
2005-04-19,744000
2005-04-20,747000
2005-04-21,728000
2005-04-22,689000
2005-04-23,265000
2005-04-24,172000
2005-04-25,665000
2005-04-26,707000
2005-04-27,710000
2005-04-28,707000
2005-04-29,708000
2005-04-30,288000
2005-05-01,209000
2005-05-02,657000
2005-05-03,680000
2005-05-04,681000
2005-05-05,689000
2005-05-06,676000
2005-05-07,268000
2005-05-08,171000
2005-05-09,634000
2005-05-10,686000
2005-05-11,691000
2005-05-12,707000
2005-05-13,718000
2005-05-14,341000
2005-05-15,214000
2005-05-16,679000
2005-05-17,714000
2005-05-18,721000
2005-05-19,718000
2005-05-20,638000
2005-05-21,303000
2005-05-22,211000
2005-05-23,657000
2005-05-24,676000
2005-05-25,689000
2005-05-26,709000
2005-05-27,651000
2005-05-28,291000
2005-05-29,273000
2005-05-30,253000
2005-05-31,676000
2005-06-01,726000
2005-06-02,722000
2005-06-03,687000
2005-06-04,378000
2005-06-05,234000
2005-06-06,687000
2005-06-07,748000
2005-06-08,758000
2005-06-09,748000
2005-06-10,734000
2005-06-11,330000
2005-06-12,243000
2005-06-13,700000
2005-06-14,734000
2005-06-15,746000
2005-06-16,741000
2005-06-17,717000
2005-06-18,298000
2005-06-19,195000
2005-06-20,685000
2005-06-21,739000
2005-06-22,727000
2005-06-23,751000
2005-06-24,745000
2005-06-25,387000
2005-06-26,258000
2005-06-27,692000
2005-06-28,755000
2005-06-29,748000
2005-06-30,757000
2005-07-01,685000
2005-07-02,323000
2005-07-03,284000
2005-07-04,533000
2005-07-05,692000
2005-07-06,753000
2005-07-07,709000
2005-07-08,676000
2005-07-09,298000
2005-07-10,201000
2005-07-11,698000
2005-07-12,731000
2005-07-13,725000
2005-07-14,728000
2005-07-15,708000
2005-07-16,283000
2005-07-17,203000
2005-07-18,711000
2005-07-19,748000
2005-07-20,761000
2005-07-21,765000
2005-07-22,748000
2005-07-23,341000
2005-07-24,237000
2005-07-25,683000
2005-07-26,716000
2005-07-27,708000
2005-07-28,736000
2005-07-29,694000
2005-07-30,304000
2005-07-31,197000
2005-08-01,667000
2005-08-02,725000
2005-08-03,727000
2005-08-04,723000
2005-08-05,697000
2005-08-06,306000
2005-08-07,214000
2005-08-08,641000
2005-08-09,668000
2005-08-10,702000
2005-08-11,682000
2005-08-12,658000
2005-08-13,273000
2005-08-14,178000
2005-08-15,616000
2005-08-16,643000
2005-08-17,664000
2005-08-18,664000
2005-08-19,634000
2005-08-20,265000
2005-08-21,185000
2005-08-22,611000
2005-08-23,671000
2005-08-24,677000
2005-08-25,676000
2005-08-26,687000
2005-08-27,269000
2005-08-28,201000
2005-08-29,625000
2005-08-30,656000
2005-08-31,662000
2005-09-01,668000
2005-09-02,658000
2005-09-03,286000
2005-09-04,219000
2005-09-05,193000
2005-09-06,660000
2005-09-07,700000
2005-09-08,709000
2005-09-09,723000
2005-09-10,322000
2005-09-11,228000
2005-09-12,667000
2005-09-13,706000
2005-09-14,705000
2005-09-15,705000
2005-09-16,699000
2005-09-17,296000
2005-09-18,177000
2005-09-19,659000
2005-09-20,710000
2005-09-21,727000
2005-09-22,723000
2005-09-23,723000
2005-09-24,447000
2005-09-25,201000
2005-09-26,664000
2005-09-27,705000
2005-09-28,703000
2005-09-29,698000
2005-09-30,719000
2005-10-01,319000
2005-10-02,238000
2005-10-03,701000
2005-10-04,702000
2005-10-05,733000
2005-10-06,716000
2005-10-07,674000
2005-10-08,267000
2005-10-09,225000
2005-10-10,359000
2005-10-11,683000
2005-10-12,701000
2005-10-13,691000
2005-10-14,714000
2005-10-15,391000
2005-10-16,202000
2005-10-17,684000
2005-10-18,713000
2005-10-19,737000
2005-10-20,748000
2005-10-21,704000
2005-10-22,290000
2005-10-23,213000
2005-10-24,665000
2005-10-25,678000
2005-10-26,707000
2005-10-27,717000
2005-10-28,729000
2005-10-29,325000
2005-10-30,307000
2005-10-31,683000
2005-11-01,712000
2005-11-02,724000
2005-11-03,727000
2005-11-04,720000
2005-11-05,307000
2005-11-06,208000
2005-11-07,668000
2005-11-08,698000
2005-11-09,709000
2005-11-10,703000
2005-11-11,483000
2005-11-12,327000
2005-11-13,215000
2005-11-14,691000
2005-11-15,737000
2005-11-16,716000
2005-11-17,715000
2005-11-18,695000
2005-11-19,298000
2005-11-20,189000
2005-11-21,654000
2005-11-22,674000
2005-11-23,594000
2005-11-24,178000
2005-11-25,323000
2005-11-26,218000
2005-11-27,164000
2005-11-28,625000
2005-11-29,665000
2005-11-30,699000
2005-12-01,717000
2005-12-02,697000
2005-12-03,268000
2005-12-04,160000
2005-12-05,675000
2005-12-06,687000
2005-12-07,710000
2005-12-08,708000
2005-12-09,621000
2005-12-10,270000
2005-12-11,164000
2005-12-12,655000
2005-12-13,690000
2005-12-14,684000
2005-12-15,673000
2005-12-16,676000
2005-12-17,270000
2005-12-18,184000
2005-12-19,641000
2005-12-20,654000
2005-12-21,634000
2005-12-22,602000
2005-12-23,484000
2005-12-24,155000
2005-12-25,52000
2005-12-26,180000
2005-12-27,483000
2005-12-28,541000
2005-12-29,520000
2005-12-30,515000
2005-12-31,242000
2006-01-01,121000
2006-01-02,157000
2006-01-03,583000
2006-01-04,626000
2006-01-05,638000
2006-01-06,636000
2006-01-07,224000
2006-01-08,149000
2006-01-09,646000
2006-01-10,686000
2006-01-11,682000
2006-01-12,691000
2006-01-13,681000
2006-01-14,260000
2006-01-15,169000
2006-01-16,250000
2006-01-17,660000
2006-01-18,667000
2006-01-19,697000
2006-01-20,695000
2006-01-21,289000
2006-01-22,176000
2006-01-23,699000
2006-01-24,697000
2006-01-25,687000
2006-01-26,691000
2006-01-27,690000
2006-01-28,332000
2006-01-29,188000
2006-01-30,649000
2006-01-31,673000
2006-02-01,690000
2006-02-02,706000
2006-02-03,697000
2006-02-04,238000
2006-02-05,173000
2006-02-06,656000
2006-02-07,693000
2006-02-08,697000
2006-02-09,697000
2006-02-10,699000
2006-02-11,240000
2006-02-12,148000
2006-02-13,626000
2006-02-14,690000
2006-02-15,696000
2006-02-16,706000
2006-02-17,688000
2006-02-18,279000
2006-02-19,187000
2006-02-20,270000
2006-02-21,677000
2006-02-22,678000
2006-02-23,695000
2006-02-24,692000
2006-02-25,289000
2006-02-26,156000
2006-02-27,649000
2006-02-28,678000
2006-03-01,691000
2006-03-02,694000
2006-03-03,682000
2006-03-04,270000
2006-03-05,181000
2006-03-06,664000
2006-03-07,736000
2006-03-08,718000
2006-03-09,717000
2006-03-10,716000
2006-03-11,352000
2006-03-12,222000
2006-03-13,682000
2006-03-14,725000
2006-03-15,722000
2006-03-16,731000
2006-03-17,728000
2006-03-18,298000
2006-03-19,197000
2006-03-20,684000
2006-03-21,704000
2006-03-22,709000
2006-03-23,717000
2006-03-24,729000
2006-03-25,347000
2006-03-26,238000
2006-03-27,699000
2006-03-28,728000
2006-03-29,737000
2006-03-30,756000
2006-03-31,802000
2006-04-01,458000
2006-04-02,358000
2006-04-03,692000
2006-04-04,750000
2006-04-05,748000
2006-04-06,743000
2006-04-07,727000
2006-04-08,322000
2006-04-09,245000
2006-04-10,808000
2006-04-11,760000
2006-04-12,742000
2006-04-13,729000
2006-04-14,690000
2006-04-15,341000
2006-04-16,195000
2006-04-17,658000
2006-04-18,760000
2006-04-19,762000
2006-04-20,777000
2006-04-21,755000
2006-04-22,279000
2006-04-23,204000
2006-04-24,689000
2006-04-25,726000
2006-04-26,722000
2006-04-27,732000
2006-04-28,725000
2006-04-29,300000
2006-04-30,259000
2006-05-01,664000
2006-05-02,712000
2006-05-03,726000
2006-05-04,734000
2006-05-05,736000
2006-05-06,309000
2006-05-07,208000
2006-05-08,650000
2006-05-09,706000
2006-05-10,720000
2006-05-11,697000
2006-05-12,705000
2006-05-13,296000
2006-05-14,154000
2006-05-15,664000
2006-05-16,712000
2006-05-17,727000
2006-05-18,737000
2006-05-19,745000
2006-05-20,368000
2006-05-21,239000
2006-05-22,695000
2006-05-23,734000
2006-05-24,739000
2006-05-25,721000
2006-05-26,677000
2006-05-27,327000
2006-05-28,293000
2006-05-29,246000
2006-05-30,702000
2006-05-31,725000
2006-06-01,736000
2006-06-02,716000
2006-06-03,335000
2006-06-04,210000
2006-06-05,708000
2006-06-06,754000
2006-06-07,760000
2006-06-08,770000
2006-06-09,749000
2006-06-10,344000
2006-06-11,249000
2006-06-12,719000
2006-06-13,781000
2006-06-14,769000
2006-06-15,774000
2006-06-16,777000
2006-06-17,337000
2006-06-18,230000
2006-06-19,695000
2006-06-20,750000
2006-06-21,763000
2006-06-22,750000
2006-06-23,731000
2006-06-24,330000
2006-06-25,197000
2006-06-26,600000
2006-06-27,720000
2006-06-28,751000
2006-06-29,768000
2006-06-30,765000
2006-07-01,342000
2006-07-02,264000
2006-07-03,590000
2006-07-04,443000
2006-07-05,699000
2006-07-06,745000
2006-07-07,762000
2006-07-08,328000
2006-07-09,228000
2006-07-10,725000
2006-07-11,764000
2006-07-12,765000
2006-07-13,763000
2006-07-14,748000
2006-07-15,316000
2006-07-16,214000
2006-07-17,710000
2006-07-18,747000
2006-07-19,764000
2006-07-20,763000
2006-07-21,774000
2006-07-22,332000
2006-07-23,235000
2006-07-24,713000
2006-07-25,771000
2006-07-26,778000
2006-07-27,778000
2006-07-28,745000
2006-07-29,313000
2006-07-30,203000
2006-07-31,686000
2006-08-01,713000
2006-08-02,708000
2006-08-03,714000
2006-08-04,710000
2006-08-05,297000
2006-08-06,200000
2006-08-07,658000
2006-08-08,717000
2006-08-09,710000
2006-08-10,689000
2006-08-11,691000
2006-08-12,320000
2006-08-13,207000
2006-08-14,648000
2006-08-15,692000
2006-08-16,692000
2006-08-17,686000
2006-08-18,658000
2006-08-19,277000
2006-08-20,175000
2006-08-21,626000
2006-08-22,663000
2006-08-23,676000
2006-08-24,666000
2006-08-25,651000
2006-08-26,267000
2006-08-27,172000
2006-08-28,635000
2006-08-29,688000
2006-08-30,675000
2006-08-31,683000
2006-09-01,570000
2006-09-02,247000
2006-09-03,224000
2006-09-04,208000
2006-09-05,631000
2006-09-06,700000
2006-09-07,731000
2006-09-08,705000
2006-09-09,292000
2006-09-10,195000
2006-09-11,677000
2006-09-12,708000
2006-09-13,708000
2006-09-14,699000
2006-09-15,713000
2006-09-16,292000
2006-09-17,199000
2006-09-18,684000
2006-09-19,719000
2006-09-20,731000
2006-09-21,715000
2006-09-22,695000
2006-09-23,276000
2006-09-24,171000
2006-09-25,679000
2006-09-26,718000
2006-09-27,733000
2006-09-28,717000
2006-09-29,739000
2006-09-30,341000
2006-10-01,218000
2006-10-02,661000
2006-10-03,711000
2006-10-04,719000
2006-10-05,720000
2006-10-06,668000
2006-10-07,308000
2006-10-08,238000
2006-10-09,377000
2006-10-10,731000
2006-10-11,726000
2006-10-12,725000
2006-10-13,734000
2006-10-14,344000
2006-10-15,214000
2006-10-16,681000
2006-10-17,689000
2006-10-18,724000
2006-10-19,727000
2006-10-20,732000
2006-10-21,321000
2006-10-22,189000
2006-10-23,673000
2006-10-24,711000
2006-10-25,720000
2006-10-26,724000
2006-10-27,715000
2006-10-28,324000
2006-10-29,298000
2006-10-30,682000
2006-10-31,706000
2006-11-01,713000
2006-11-02,721000
2006-11-03,731000
2006-11-04,302000
2006-11-05,202000
2006-11-06,683000
2006-11-07,690000
2006-11-08,704000
2006-11-09,718000
2006-11-10,502000
2006-11-11,337000
2006-11-12,160000
2006-11-13,675000
2006-11-14,719000
2006-11-15,737000
2006-11-16,679000
2006-11-17,734000
2006-11-18,322000
2006-11-19,179000
2006-11-20,681000
2006-11-21,688000
2006-11-22,587000
2006-11-23,95000
2006-11-24,372000
2006-11-25,257000
2006-11-26,179000
2006-11-27,644000
2006-11-28,695000
2006-11-29,704000
2006-11-30,710000
2006-12-01,701000
2006-12-02,293000
2006-12-03,191000
2006-12-04,676000
2006-12-05,705000
2006-12-06,713000
2006-12-07,724000
2006-12-08,682000
2006-12-09,278000
2006-12-10,181000
2006-12-11,674000
2006-12-12,699000
2006-12-13,704000
2006-12-14,709000
2006-12-15,707000
2006-12-16,284000
2006-12-17,172000
2006-12-18,664000
2006-12-19,690000
2006-12-20,673000
2006-12-21,636000
2006-12-22,535000
2006-12-23,211000
2006-12-24,123000
2006-12-25,56000
2006-12-26,374000
2006-12-27,510000
2006-12-28,544000
2006-12-29,535000
2006-12-30,288000
2006-12-31,214000
2007-01-01,126000
2007-01-02,366000
2007-01-03,636000
2007-01-04,663000
2007-01-05,644000
2007-01-06,295000
2007-01-07,145000
2007-01-08,646000
2007-01-09,688000
2007-01-10,696000
2007-01-11,691000
2007-01-12,686000
2007-01-13,299000
2007-01-14,191000
2007-01-15,256000
2007-01-16,669000
2007-01-17,694000
2007-01-18,688000
2007-01-19,687000
2007-01-20,281000
2007-01-21,174000
2007-01-22,691000
2007-01-23,722000
2007-01-24,719000
2007-01-25,719000
2007-01-26,693000
2007-01-27,427000
2007-01-28,189000
2007-01-29,652000
2007-01-30,695000
2007-01-31,686000
2007-02-01,708000
2007-02-02,700000
2007-02-03,277000
2007-02-04,161000
2007-02-05,643000
2007-02-06,663000
2007-02-07,659000
2007-02-08,688000
2007-02-09,675000
2007-02-10,282000
2007-02-11,167000
2007-02-12,673000
2007-02-13,668000
2007-02-14,460000
2007-02-15,666000
2007-02-16,686000
2007-02-17,294000
2007-02-18,215000
2007-02-19,277000
2007-02-20,695000
2007-02-21,718000
2007-02-22,718000
2007-02-23,701000
2007-02-24,295000
2007-02-25,150000
2007-02-26,645000
2007-02-27,702000
2007-02-28,725000
2007-03-01,717000
2007-03-02,714000
2007-03-03,317000
2007-03-04,183000
2007-03-05,674000
2007-03-06,704000
2007-03-07,693000
2007-03-08,724000
2007-03-09,723000
2007-03-10,360000
2007-03-11,217000
2007-03-12,701000
2007-03-13,748000
2007-03-14,735000
2007-03-15,725000
2007-03-16,683000
2007-03-17,337000
2007-03-18,200000
2007-03-19,686000
2007-03-20,734000
2007-03-21,733000
2007-03-22,744000
2007-03-23,730000
2007-03-24,330000
2007-03-25,222000
2007-03-26,689000
2007-03-27,752000
2007-03-28,746000
2007-03-29,740000
2007-03-30,754000
2007-03-31,455000
2007-04-01,255000
2007-04-02,776000
2007-04-03,825000
2007-04-04,751000
2007-04-05,763000
2007-04-06,736000
2007-04-07,352000
2007-04-08,190000
2007-04-09,674000
2007-04-10,747000
2007-04-11,743000
2007-04-12,755000
2007-04-13,763000
2007-04-14,387000
2007-04-15,175000
2007-04-16,656000
2007-04-17,740000
2007-04-18,746000
2007-04-19,744000
2007-04-20,749000
2007-04-21,343000
2007-04-22,216000
2007-04-23,685000
2007-04-24,722000
2007-04-25,726000
2007-04-26,727000
2007-04-27,711000
2007-04-28,336000
2007-04-29,233000
2007-04-30,697000
2007-05-01,726000
2007-05-02,725000
2007-05-03,725000
2007-05-04,720000
2007-05-05,285000
2007-05-06,203000
2007-05-07,676000
2007-05-08,720000
2007-05-09,726000
2007-05-10,728000
2007-05-11,726000
2007-05-12,334000
2007-05-13,205000
2007-05-14,691000
2007-05-15,742000
2007-05-16,733000
2007-05-17,751000
2007-05-18,720000
2007-05-19,342000
2007-05-20,242000
2007-05-21,702000
2007-05-22,743000
2007-05-23,744000
2007-05-24,733000
2007-05-25,687000
2007-05-26,314000
2007-05-27,261000
2007-05-28,241000
2007-05-29,699000
2007-05-30,737000
2007-05-31,745000
2007-06-01,743000
2007-06-02,372000
2007-06-03,182000
2007-06-04,720000
2007-06-05,777000
2007-06-06,790000
2007-06-07,788000
2007-06-08,747000
2007-06-09,386000
2007-06-10,239000
2007-06-11,742000
2007-06-12,773000
2007-06-13,782000
2007-06-14,780000
2007-06-15,761000
2007-06-16,323000
2007-06-17,209000
2007-06-18,732000
2007-06-19,748000
2007-06-20,793000
2007-06-21,781000
2007-06-22,797000
2007-06-23,433000
2007-06-24,278000
2007-06-25,751000
2007-06-26,778000
2007-06-27,774000
2007-06-28,775000
2007-06-29,758000
2007-06-30,342000
2007-07-01,259000
2007-07-02,747000
2007-07-03,787000
2007-07-04,493000
2007-07-05,710000
2007-07-06,736000
2007-07-07,358000
2007-07-08,228000
2007-07-09,724000
2007-07-10,756000
2007-07-11,767000
2007-07-12,790000
2007-07-13,787000
2007-07-14,353000
2007-07-15,233000
2007-07-16,756000
2007-07-17,796000
2007-07-18,799000
2007-07-19,786000
2007-07-20,779000
2007-07-21,348000
2007-07-22,230000
2007-07-23,734000
2007-07-24,771000
2007-07-25,791000
2007-07-26,780000
2007-07-27,753000
2007-07-28,334000
2007-07-29,205000
2007-07-30,711000
2007-07-31,769000
2007-08-01,771000
2007-08-02,768000
2007-08-03,753000
2007-08-04,324000
2007-08-05,225000
2007-08-06,700000
2007-08-07,724000
2007-08-08,703000
2007-08-09,761000
2007-08-10,716000
2007-08-11,316000
2007-08-12,203000
2007-08-13,675000
2007-08-14,720000
2007-08-15,709000
2007-08-16,699000
2007-08-17,704000
2007-08-18,329000
2007-08-19,194000
2007-08-20,636000
2007-08-21,665000
2007-08-22,698000
2007-08-23,695000
2007-08-24,681000
2007-08-25,264000
2007-08-26,179000
2007-08-27,651000
2007-08-28,691000
2007-08-29,692000
2007-08-30,686000
2007-08-31,664000
2007-09-01,305000
2007-09-02,231000
2007-09-03,201000
2007-09-04,674000
2007-09-05,717000
2007-09-06,733000
2007-09-07,713000
2007-09-08,305000
2007-09-09,216000
2007-09-10,688000
2007-09-11,708000
2007-09-12,731000
2007-09-13,718000
2007-09-14,716000
2007-09-15,348000
2007-09-16,211000
2007-09-17,706000
2007-09-18,749000
2007-09-19,749000
2007-09-20,752000
2007-09-21,747000
2007-09-22,316000
2007-09-23,237000
2007-09-24,694000
2007-09-25,734000
2007-09-26,741000
2007-09-27,733000
2007-09-28,732000
2007-09-29,361000
2007-09-30,200000
2007-10-01,696000
2007-10-02,726000
2007-10-03,736000
2007-10-04,742000
2007-10-05,742000
2007-10-06,381000
2007-10-07,274000
2007-10-08,384000
2007-10-09,726000
2007-10-10,754000
2007-10-11,750000
2007-10-12,748000
2007-10-13,345000
2007-10-14,212000
2007-10-15,710000
2007-10-16,752000
2007-10-17,758000
2007-10-18,766000
2007-10-19,751000
2007-10-20,376000
2007-10-21,225000
2007-10-22,697000
2007-10-23,733000
2007-10-24,737000
2007-10-25,743000
2007-10-26,736000
2007-10-27,343000
2007-10-28,319000
2007-10-29,702000
2007-10-30,745000
2007-10-31,741000
2007-11-01,756000
2007-11-02,759000
2007-11-03,341000
2007-11-04,205000
2007-11-05,731000
2007-11-06,736000
2007-11-07,748000
2007-11-08,751000
2007-11-09,737000
2007-11-10,340000
2007-11-11,238000
2007-11-12,409000
2007-11-13,718000
2007-11-14,748000
2007-11-15,732000
2007-11-16,767000
2007-11-17,324000
2007-11-18,193000
2007-11-19,691000
2007-11-20,709000
2007-11-21,626000
2007-11-22,103000
2007-11-23,373000
2007-11-24,243000
2007-11-25,160000
2007-11-26,657000
2007-11-27,704000
2007-11-28,725000
2007-11-29,727000
2007-11-30,724000
2007-12-01,306000
2007-12-02,185000
2007-12-03,683000
2007-12-04,718000
2007-12-05,738000
2007-12-06,748000
2007-12-07,715000
2007-12-08,292000
2007-12-09,176000
2007-12-10,691000
2007-12-11,725000
2007-12-12,739000
2007-12-13,725000
2007-12-14,738000
2007-12-15,276000
2007-12-16,178000
2007-12-17,666000
2007-12-18,706000
2007-12-19,709000
2007-12-20,688000
2007-12-21,621000
2007-12-22,231000
2007-12-23,141000
2007-12-24,199000
2007-12-25,69000
2007-12-26,400000
2007-12-27,520000
2007-12-28,521000
2007-12-29,278000
2007-12-30,176000
2007-12-31,452000
2008-01-01,134000
2008-01-02,585000
2008-01-03,619000
2008-01-04,634000
2008-01-05,245000
2008-01-06,163000
2008-01-07,664000
2008-01-08,699000
2008-01-09,702000
2008-01-10,696000
2008-01-11,692000
2008-01-12,323000
2008-01-13,190000
2008-01-14,679000
2008-01-15,724000
2008-01-16,722000
2008-01-17,710000
2008-01-18,698000
2008-01-19,265000
2008-01-20,159000
2008-01-21,256000
2008-01-22,711000
2008-01-23,709000
2008-01-24,718000
2008-01-25,715000
2008-01-26,294000
2008-01-27,183000
2008-01-28,664000
2008-01-29,692000
2008-01-30,698000
2008-01-31,703000
2008-02-01,663000
2008-02-02,287000
2008-02-03,165000
2008-02-04,662000
2008-02-05,703000
2008-02-06,708000
2008-02-07,714000
2008-02-08,724000
2008-02-09,289000
2008-02-10,184000
2008-02-11,666000
2008-02-12,701000
2008-02-13,673000
2008-02-14,726000
2008-02-15,693000
2008-02-16,299000
2008-02-17,197000
2008-02-18,278000
2008-02-19,697000
2008-02-20,721000
2008-02-21,725000
2008-02-22,602000
2008-02-23,277000
2008-02-24,176000
2008-02-25,678000
2008-02-26,714000
2008-02-27,719000
2008-02-28,719000
2008-02-29,680000
2008-03-01,284000
2008-03-02,185000
2008-03-03,694000
2008-03-04,716000
2008-03-05,734000
2008-03-06,726000
2008-03-07,700000
2008-03-08,280000
2008-03-09,199000
2008-03-10,688000
2008-03-11,745000
2008-03-12,750000
2008-03-13,751000
2008-03-14,745000
2008-03-15,368000
2008-03-16,216000
2008-03-17,722000
2008-03-18,748000
2008-03-19,743000
2008-03-20,765000
2008-03-21,693000
2008-03-22,321000
2008-03-23,196000
2008-03-24,684000
2008-03-25,744000
2008-03-26,773000
2008-03-27,751000
2008-03-28,765000
2008-03-29,569000
2008-03-30,323000
2008-03-31,692000
2008-04-01,764000
2008-04-02,783000
2008-04-03,777000
2008-04-04,763000
2008-04-05,453000
2008-04-06,249000
2008-04-07,731000
2008-04-08,748000
2008-04-09,796000
2008-04-10,792000
2008-04-11,819000
2008-04-12,467000
2008-04-13,267000
2008-04-14,725000
2008-04-15,766000
2008-04-16,777000
2008-04-17,819000
2008-04-18,754000
2008-04-19,360000
2008-04-20,193000
2008-04-21,685000
2008-04-22,769000
2008-04-23,797000
2008-04-24,822000
2008-04-25,788000
2008-04-26,369000
2008-04-27,236000
2008-04-28,670000
2008-04-29,749000
2008-04-30,761000
2008-05-01,755000
2008-05-02,784000
2008-05-03,367000
2008-05-04,256000
2008-05-05,708000
2008-05-06,743000
2008-05-07,747000
2008-05-08,734000
2008-05-09,701000
2008-05-10,349000
2008-05-11,186000
2008-05-12,641000
2008-05-13,751000
2008-05-14,757000
2008-05-15,770000
2008-05-16,728000
2008-05-17,360000
2008-05-18,207000
2008-05-19,735000
2008-05-20,748000
2008-05-21,776000
2008-05-22,751000
2008-05-23,730000
2008-05-24,384000
2008-05-25,349000
2008-05-26,300000
2008-05-27,709000
2008-05-28,753000
2008-05-29,768000
2008-05-30,774000
2008-05-31,292000
2008-06-01,254000
2008-06-02,744000
2008-06-03,807000
2008-06-04,771000
2008-06-05,812000
2008-06-06,788000
2008-06-07,388000
2008-06-08,235000
2008-06-09,745000
2008-06-10,771000
2008-06-11,799000
2008-06-12,800000
2008-06-13,705000
2008-06-14,323000
2008-06-15,241000
2008-06-16,734000
2008-06-17,806000
2008-06-18,815000
2008-06-19,814000
2008-06-20,823000
2008-06-21,405000
2008-06-22,287000
2008-06-23,771000
2008-06-24,830000
2008-06-25,840000
2008-06-26,814000
2008-06-27,819000
2008-06-28,428000
2008-06-29,305000
2008-06-30,755000
2008-07-01,818000
2008-07-02,831000
2008-07-03,800000
2008-07-04,588000
2008-07-05,373000
2008-07-06,253000
2008-07-07,737000
2008-07-08,829000
2008-07-09,811000
2008-07-10,839000
2008-07-11,849000
2008-07-12,405000
2008-07-13,262000
2008-07-14,766000
2008-07-15,824000
2008-07-16,825000
2008-07-17,834000
2008-07-18,804000
2008-07-19,356000
2008-07-20,241000
2008-07-21,759000
2008-07-22,796000
2008-07-23,804000
2008-07-24,808000
2008-07-25,786000
2008-07-26,357000
2008-07-27,223000
2008-07-28,762000
2008-07-29,829000
2008-07-30,812000
2008-07-31,810000
2008-08-01,797000
2008-08-02,363000
2008-08-03,274000
2008-08-04,733000
2008-08-05,769000
2008-08-06,773000
2008-08-07,762000
2008-08-08,741000
2008-08-09,351000
2008-08-10,208000
2008-08-11,709000
2008-08-12,771000
2008-08-13,770000
2008-08-14,769000
2008-08-15,744000
2008-08-16,371000
2008-08-17,242000
2008-08-18,680000
2008-08-19,718000
2008-08-20,718000
2008-08-21,725000
2008-08-22,708000
2008-08-23,309000
2008-08-24,204000
2008-08-25,666000
2008-08-26,728000
2008-08-27,723000
2008-08-28,710000
2008-08-29,671000
2008-08-30,326000
2008-08-31,253000
2008-09-01,225000
2008-09-02,698000
2008-09-03,744000
2008-09-04,738000
2008-09-05,739000
2008-09-06,194000
2008-09-07,213000
2008-09-08,724000
2008-09-09,737000
2008-09-10,757000
2008-09-11,765000
2008-09-12,734000
2008-09-13,352000
2008-09-14,224000
2008-09-15,732000
2008-09-16,771000
2008-09-17,777000
2008-09-18,787000
2008-09-19,774000
2008-09-20,348000
2008-09-21,240000
2008-09-22,715000
2008-09-23,773000
2008-09-24,777000
2008-09-25,761000
2008-09-26,727000
2008-09-27,330000
2008-09-28,195000
2008-09-29,706000
2008-09-30,720000
2008-10-01,738000
2008-10-02,772000
2008-10-03,762000
2008-10-04,359000
2008-10-05,264000
2008-10-06,736000
2008-10-07,775000
2008-10-08,770000
2008-10-09,747000
2008-10-10,759000
2008-10-11,387000
2008-10-12,256000
2008-10-13,409000
2008-10-14,743000
2008-10-15,765000
2008-10-16,766000
2008-10-17,771000
2008-10-18,365000
2008-10-19,229000
2008-10-20,715000
2008-10-21,743000
2008-10-22,752000
2008-10-23,757000
2008-10-24,769000
2008-10-25,321000
2008-10-26,314000
2008-10-27,714000
2008-10-28,751000
2008-10-29,750000
2008-10-30,747000
2008-10-31,769000
2008-11-01,304000
2008-11-02,199000
2008-11-03,736000
2008-11-04,685000
2008-11-05,724000
2008-11-06,762000
2008-11-07,774000
2008-11-08,357000
2008-11-09,218000
2008-11-10,689000
2008-11-11,434000
2008-11-12,747000
2008-11-13,731000
2008-11-14,786000
2008-11-15,349000
2008-11-16,231000
2008-11-17,734000
2008-11-18,767000
2008-11-19,761000
2008-11-20,753000
2008-11-21,738000
2008-11-22,307000
2008-11-23,185000
2008-11-24,701000
2008-11-25,715000
2008-11-26,627000
2008-11-27,112000
2008-11-28,390000
2008-11-29,262000
2008-11-30,152000
2008-12-01,681000
2008-12-02,733000
2008-12-03,745000
2008-12-04,766000
2008-12-05,745000
2008-12-06,290000
2008-12-07,174000
2008-12-08,678000
2008-12-09,732000
2008-12-10,741000
2008-12-11,727000
2008-12-12,731000
2008-12-13,292000
2008-12-14,193000
2008-12-15,693000
2008-12-16,716000
2008-12-17,718000
2008-12-18,733000
2008-12-19,677000
2008-12-20,280000
2008-12-21,182000
2008-12-22,579000
2008-12-23,562000
2008-12-24,382000
2008-12-25,70000
2008-12-26,269000
2008-12-27,253000
2008-12-28,187000
2008-12-29,557000
2008-12-30,599000
2008-12-31,522000
2009-01-01,151000
2009-01-02,443000
2009-01-03,280000
2009-01-04,164000
2009-01-05,666000
2009-01-06,713000
2009-01-07,702000
2009-01-08,731000
2009-01-09,735000
2009-01-10,307000
2009-01-11,196000
2009-01-12,723000
2009-01-13,757000
2009-01-14,762000
2009-01-15,756000
2009-01-16,717000
2009-01-17,373000
2009-01-18,594000
2009-01-19,867000
2009-01-20,1120000
2009-01-21,776000
2009-01-22,813000
2009-01-23,763000
2009-01-24,304000
2009-01-25,171000
2009-01-26,692000
2009-01-27,707000
2009-01-28,602000
2009-01-29,739000
2009-01-30,726000
2009-01-31,300000
2009-02-01,198000
2009-02-02,698000
2009-02-03,733000
2009-02-04,744000
2009-02-05,748000
2009-02-06,750000
2009-02-07,372000
2009-02-08,226000
2009-02-09,695000
2009-02-10,732000
2009-02-11,746000
2009-02-12,749000
2009-02-13,737000
2009-02-14,320000
2009-02-15,222000
2009-02-16,287000
2009-02-17,725000
2009-02-18,739000
2009-02-19,729000
2009-02-20,746000
2009-02-21,336000
2009-02-22,188000
2009-02-23,693000
2009-02-24,740000
2009-02-25,745000
2009-02-26,765000
2009-02-27,749000
2009-02-28,323000
2009-03-01,196000
2009-03-02,491000
2009-03-03,731000
2009-03-04,736000
2009-03-05,762000
2009-03-06,750000
2009-03-07,363000
2009-03-08,228000
2009-03-09,721000
2009-03-10,763000
2009-03-11,771000
2009-03-12,768000
2009-03-13,741000
2009-03-14,377000
2009-03-15,222000
2009-03-16,728000
2009-03-17,781000
2009-03-18,786000
2009-03-19,768000
2009-03-20,771000
2009-03-21,395000
2009-03-22,243000
2009-03-23,714000
2009-03-24,762000
2009-03-25,764000
2009-03-26,747000
2009-03-27,767000
2009-03-28,363000
2009-03-29,239000
2009-03-30,721000
2009-03-31,777000
2009-04-01,776000
2009-04-02,799000
2009-04-03,791000
2009-04-04,694000
2009-04-05,458000
2009-04-06,755000
2009-04-07,810000
2009-04-08,814000
2009-04-09,840000
2009-04-10,767000
2009-04-11,374000
2009-04-12,239000
2009-04-13,775000
2009-04-14,765000
2009-04-15,787000
2009-04-16,806000
2009-04-17,828000
2009-04-18,430000
2009-04-19,252000
2009-04-20,690000
2009-04-21,778000
2009-04-22,784000
2009-04-23,795000
2009-04-24,792000
2009-04-25,366000
2009-04-26,229000
2009-04-27,705000
2009-04-28,759000
2009-04-29,726000
2009-04-30,744000
2009-05-01,741000
2009-05-02,343000
2009-05-03,183000
2009-05-04,697000
2009-05-05,745000
2009-05-06,737000
2009-05-07,740000
2009-05-08,739000
2009-05-09,349000
2009-05-10,209000
2009-05-11,689000
2009-05-12,750000
2009-05-13,787000
2009-05-14,764000
2009-05-15,769000
2009-05-16,409000
2009-05-17,253000
2009-05-18,742000
2009-05-19,775000
2009-05-20,777000
2009-05-21,774000
2009-05-22,733000
2009-05-23,393000
2009-05-24,325000
2009-05-25,256000
2009-05-26,676000
2009-05-27,742000
2009-05-28,754000
2009-05-29,734000
2009-05-30,347000
2009-05-31,227000
2009-06-01,738000
2009-06-02,791000
2009-06-03,807000
2009-06-04,790000
2009-06-05,759000
2009-06-06,440000
2009-06-07,274000
2009-06-08,762000
2009-06-09,783000
2009-06-10,832000
2009-06-11,817000
2009-06-12,803000
2009-06-13,397000
2009-06-14,271000
2009-06-15,772000
2009-06-16,814000
2009-06-17,809000
2009-06-18,802000
2009-06-19,818000
2009-06-20,357000
2009-06-21,267000
2009-06-22,733000
2009-06-23,714000
2009-06-24,790000
2009-06-25,803000
2009-06-26,744000
2009-06-27,408000
2009-06-28,250000
2009-06-29,731000
2009-06-30,763000
2009-07-01,771000
2009-07-02,744000
2009-07-03,467000
2009-07-04,613000
2009-07-05,264000
2009-07-06,709000
2009-07-07,764000
2009-07-08,788000
2009-07-09,781000
2009-07-10,775000
2009-07-11,385000
2009-07-12,236000
2009-07-13,751000
2009-07-14,788000
2009-07-15,809000
2009-07-16,828000
2009-07-17,791000
2009-07-18,394000
2009-07-19,267000
2009-07-20,748000
2009-07-21,803000
2009-07-22,803000
2009-07-23,790000
2009-07-24,782000
2009-07-25,366000
2009-07-26,257000
2009-07-27,744000
2009-07-28,772000
2009-07-29,776000
2009-07-30,773000
2009-07-31,744000
2009-08-01,353000
2009-08-02,212000
2009-08-03,731000
2009-08-04,789000
2009-08-05,777000
2009-08-06,763000
2009-08-07,765000
2009-08-08,341000
2009-08-09,242000
2009-08-10,677000
2009-08-11,718000
2009-08-12,726000
2009-08-13,727000
2009-08-14,708000
2009-08-15,324000
2009-08-16,213000
2009-08-17,670000
2009-08-18,717000
2009-08-19,720000
2009-08-20,734000
2009-08-21,689000
2009-08-22,282000
2009-08-23,208000
2009-08-24,661000
2009-08-25,691000
2009-08-26,706000
2009-08-27,706000
2009-08-28,682000
2009-08-29,294000
2009-08-30,197000
2009-08-31,661000
2009-09-01,709000
2009-09-02,723000
2009-09-03,714000
2009-09-04,678000
2009-09-05,288000
2009-09-06,227000
2009-09-07,169000
2009-09-08,685000
2009-09-09,734000
2009-09-10,743000
2009-09-11,719000
2009-09-12,420000
2009-09-13,214000
2009-09-14,698000
2009-09-15,740000
2009-09-16,739000
2009-09-17,736000
2009-09-18,714000
2009-09-19,320000
2009-09-20,217000
2009-09-21,695000
2009-09-22,737000
2009-09-23,755000
2009-09-24,762000
2009-09-25,744000
2009-09-26,350000
2009-09-27,223000
2009-09-28,677000
2009-09-29,772000
2009-09-30,746000
2009-10-01,746000
2009-10-02,751000
2009-10-03,376000
2009-10-04,268000
2009-10-05,723000
2009-10-06,756000
2009-10-07,761000
2009-10-08,771000
2009-10-09,743000
2009-10-10,340000
2009-10-11,275000
2009-10-12,355000
2009-10-13,735000
2009-10-14,757000
2009-10-15,753000
2009-10-16,749000
2009-10-17,324000
2009-10-18,221000
2009-10-19,700000
2009-10-20,736000
2009-10-21,744000
2009-10-22,750000
2009-10-23,763000
2009-10-24,347000
2009-10-25,325000
2009-10-26,718000
2009-10-27,736000
2009-10-28,731000
2009-10-29,747000
2009-10-30,744000
2009-10-31,332000
2009-11-01,185000
2009-11-02,711000
2009-11-03,745000
2009-11-04,755000
2009-11-05,774000
2009-11-06,747000
2009-11-07,351000
2009-11-08,214000
2009-11-09,694000
2009-11-10,733000
2009-11-11,424000
2009-11-12,726000
2009-11-13,749000
2009-11-14,347000
2009-11-15,225000
2009-11-16,705000
2009-11-17,747000
2009-11-18,766000
2009-11-19,749000
2009-11-20,762000
2009-11-21,329000
2009-11-22,199000
2009-11-23,686000
2009-11-24,709000
2009-11-25,619000
2009-11-26,112000
2009-11-27,364000
2009-11-28,267000
2009-11-29,170000
2009-11-30,654000
2009-12-01,726000
2009-12-02,738000
2009-12-03,776000
2009-12-04,745000
2009-12-05,261000
2009-12-06,206000
2009-12-07,692000
2009-12-08,733000
2009-12-09,741000
2009-12-10,746000
2009-12-11,716000
2009-12-12,297000
2009-12-13,148000
2009-12-14,680000
2009-12-15,724000
2009-12-16,723000
2009-12-17,716000
2009-12-18,700000
2009-12-19,101000
2009-12-20,95000
2009-12-21,368000
2009-12-22,643000
2009-12-23,604000
2009-12-24,352000
2009-12-25,64000
2009-12-26,207000
2009-12-27,195000
2009-12-28,525000
2009-12-29,565000
2009-12-30,558000
2009-12-31,461000
2010-01-01,166000
2010-01-02,227000
2010-01-03,132000
2010-01-04,623000
2010-01-05,685000
2010-01-06,686000
2010-01-07,710000
2010-01-08,682000
2010-01-09,264000
2010-01-10,172000
2010-01-11,685000
2010-01-12,729000
2010-01-13,723000
2010-01-14,737000
2010-01-15,725000
2010-01-16,329000
2010-01-17,187000
2010-01-18,271000
2010-01-19,713000
2010-01-20,733000
2010-01-21,755000
2010-01-22,785000
2010-01-23,342000
2010-01-24,167000
2010-01-25,676000
2010-01-26,717000
2010-01-27,745000
2010-01-28,729000
2010-01-29,718000
2010-01-30,279000
2010-01-31,199000
2010-02-01,698000
2010-02-02,724000
2010-02-03,664000
2010-02-04,750000
2010-02-05,513000
2010-02-06,61000
2010-02-07,92000
2010-02-08,124000
2010-02-09,256000
2010-02-10,33000
2010-02-11,114000
2010-02-12,526000
2010-02-13,313000
2010-02-14,256000
2010-02-15,308000
2010-02-16,741000
2010-02-17,780000
2010-02-18,798000
2010-02-19,793000
2010-02-20,348000
2010-02-21,210000
2010-02-22,708000
2010-02-23,754000
2010-02-24,761000
2010-02-25,742000
2010-02-26,714000
2010-02-27,319000
2010-02-28,185000
2010-03-01,700000
2010-03-02,736000
2010-03-03,758000
2010-03-04,767000
2010-03-05,747000
2010-03-06,377000
2010-03-07,222000
2010-03-08,725000
2010-03-09,764000
2010-03-10,773000
2010-03-11,763000
2010-03-12,740000
2010-03-13,332000
2010-03-14,214000
2010-03-15,718000
2010-03-16,780000
2010-03-17,802000
2010-03-18,784000
2010-03-19,780000
2010-03-20,466000
2010-03-21,331000
2010-03-22,707000
2010-03-23,773000
2010-03-24,794000
2010-03-25,780000
2010-03-26,741000
2010-03-27,446000
2010-03-28,252000
2010-03-29,712000
2010-03-30,764000
2010-03-31,806000
2010-04-01,867000
2010-04-02,876000
2010-04-03,641000
2010-04-04,332000
2010-04-05,823000
2010-04-06,831000
2010-04-07,857000
2010-04-08,843000
2010-04-09,833000
2010-04-10,530000
2010-04-11,309000
2010-04-12,742000
2010-04-13,767000
2010-04-14,787000
2010-04-15,813000
2010-04-16,767000
2010-04-17,382000
2010-04-18,244000
2010-04-19,757000
2010-04-20,803000
2010-04-21,776000
2010-04-22,809000
2010-04-23,803000
2010-04-24,323000
2010-04-25,241000
2010-04-26,700000
2010-04-27,750000
2010-04-28,769000
2010-04-29,755000
2010-04-30,745000
2010-05-01,358000
2010-05-02,217000
2010-05-03,685000
2010-05-04,758000
2010-05-05,778000
2010-05-06,767000
2010-05-07,750000
2010-05-08,341000
2010-05-09,205000
2010-05-10,691000
2010-05-11,729000
2010-05-12,750000
2010-05-13,759000
2010-05-14,734000
2010-05-15,370000
2010-05-16,242000
2010-05-17,697000
2010-05-18,739000
2010-05-19,774000
2010-05-20,801000
2010-05-21,772000
2010-05-22,367000
2010-05-23,215000
2010-05-24,712000
2010-05-25,754000
2010-05-26,780000
2010-05-27,754000
2010-05-28,683000
2010-05-29,334000
2010-05-30,300000
2010-05-31,249000
2010-06-01,726000
2010-06-02,776000
2010-06-03,775000
2010-06-04,788000
2010-06-05,393000
2010-06-06,235000
2010-06-07,756000
2010-06-08,847000
2010-06-09,792000
2010-06-10,826000
2010-06-11,784000
2010-06-12,364000
2010-06-13,246000
2010-06-14,759000
2010-06-15,815000
2010-06-16,802000
2010-06-17,823000
2010-06-18,835000
2010-06-19,386000
2010-06-20,258000
2010-06-21,768000
2010-06-22,814000
2010-06-23,894000
2010-06-24,801000
2010-06-25,803000
2010-06-26,427000
2010-06-27,258000
2010-06-28,741000
2010-06-29,789000
2010-06-30,787000
2010-07-01,817000
2010-07-02,781000
2010-07-03,438000
2010-07-04,562000
2010-07-05,283000
2010-07-06,745000
2010-07-07,769000
2010-07-08,789000
2010-07-09,792000
2010-07-10,320000
2010-07-11,250000
2010-07-12,736000
2010-07-13,787000
2010-07-14,800000
2010-07-15,815000
2010-07-16,778000
2010-07-17,358000
2010-07-18,247000
2010-07-19,743000
2010-07-20,789000
2010-07-21,796000
2010-07-22,804000
2010-07-23,806000
2010-07-24,337000
2010-07-25,240000
2010-07-26,739000
2010-07-27,819000
2010-07-28,810000
2010-07-29,773000
2010-07-30,792000
2010-07-31,374000
2010-08-01,246000
2010-08-02,707000
2010-08-03,724000
2010-08-04,737000
2010-08-05,716000
2010-08-06,715000
2010-08-07,319000
2010-08-08,213000
2010-08-09,680000
2010-08-10,732000
2010-08-11,722000
2010-08-12,694000
2010-08-13,711000
2010-08-14,328000
2010-08-15,203000
2010-08-16,666000
2010-08-17,704000
2010-08-18,675000
2010-08-19,721000
2010-08-20,690000
2010-08-21,310000
2010-08-22,192000
2010-08-23,671000
2010-08-24,702000
2010-08-25,726000
2010-08-26,740000
2010-08-27,771000
2010-08-28,472000
2010-08-29,230000
2010-08-30,669000
2010-08-31,700000
2010-09-01,720000
2010-09-02,715000
2010-09-03,674000
2010-09-04,311000
2010-09-05,242000
2010-09-06,240000
2010-09-07,705000
2010-09-08,725000
2010-09-09,713000
2010-09-10,730000
2010-09-11,339000
2010-09-12,215000
2010-09-13,698000
2010-09-14,732000
2010-09-15,740000
2010-09-16,748000
2010-09-17,729000
2010-09-18,323000
2010-09-19,221000
2010-09-20,700000
2010-09-21,742000
2010-09-22,755000
2010-09-23,753000
2010-09-24,753000
2010-09-25,369000
2010-09-26,199000
2010-09-27,685000
2010-09-28,743000
2010-09-29,742000
2010-09-30,692000
2010-10-01,746000
2010-10-02,418000
2010-10-03,212000
2010-10-04,692000
2010-10-05,748000
2010-10-06,747000
2010-10-07,754000
2010-10-08,723000
2010-10-09,315000
2010-10-10,223000
2010-10-11,321000
2010-10-12,726000
2010-10-13,747000
2010-10-14,722000
2010-10-15,738000
2010-10-16,330000
2010-10-17,222000
2010-10-18,684000
2010-10-19,734000
2010-10-20,721000
2010-10-21,740000
2010-10-22,743000
2010-10-23,411000
2010-10-24,272000
2010-10-25,698000
2010-10-26,744000
2010-10-27,735000
2010-10-28,761000
2010-10-29,810000
2010-10-30,788000
2010-10-31,340000
2010-11-01,703000
2010-11-02,728000
2010-11-03,744000
2010-11-04,728000
2010-11-05,759000
2010-11-06,328000
2010-11-07,198000
2010-11-08,699000
2010-11-09,732000
2010-11-10,754000
2010-11-11,446000
2010-11-12,692000
2010-11-13,331000
2010-11-14,202000
2010-11-15,694000
2010-11-16,695000
2010-11-17,728000
2010-11-18,727000
2010-11-19,728000
2010-11-20,352000
2010-11-21,185000
2010-11-22,681000
2010-11-23,694000
2010-11-24,587000
2010-11-25,101000
2010-11-26,344000
2010-11-27,247000
2010-11-28,185000
2010-11-29,642000
2010-11-30,692000
2010-12-01,689000
2010-12-02,720000
2010-12-03,716000
2010-12-04,299000
2010-12-05,174000
2010-12-06,684000
2010-12-07,708000
2010-12-08,701000
2010-12-09,730000
2010-12-10,691000
2010-12-11,294000
2010-12-12,163000
2010-12-13,650000
2010-12-14,693000
2010-12-15,694000
2010-12-16,703000
2010-12-17,677000
2010-12-18,281000
2010-12-19,166000
2010-12-20,624000
2010-12-21,632000
2010-12-22,591000
2010-12-23,488000
2010-12-24,162000
2010-12-25,63000
2010-12-26,122000
2010-12-27,383000
2010-12-28,506000
2010-12-29,554000
2010-12-30,511000
2010-12-31,286000
2011-01-01,174000
2011-01-02,159000
2011-01-03,596000
2011-01-04,674000
2011-01-05,672000
2011-01-06,674000
2011-01-07,664000
2011-01-08,256000
2011-01-09,149000
2011-01-10,650000
2011-01-11,688000
2011-01-12,680000
2011-01-13,702000
2011-01-14,680000
2011-01-15,251000
2011-01-16,180000
2011-01-17,208000
2011-01-18,603000
2011-01-19,718000
2011-01-20,727000
2011-01-21,702000
2011-01-22,266000
2011-01-23,182000
2011-01-24,724000
2011-01-25,719000
2011-01-26,681000
2011-01-27,472000
2011-01-28,695000
2011-01-29,295000
2011-01-30,175000
2011-01-31,688000
2011-02-01,679000
2011-02-02,701000
2011-02-03,735000
2011-02-04,738000
2011-02-05,295000
2011-02-06,201000
2011-02-07,671000
2011-02-08,727000
2011-02-09,723000
2011-02-10,723000
2011-02-11,725000
2011-02-12,333000
2011-02-13,197000
2011-02-14,692000
2011-02-15,716000
2011-02-16,725000
2011-02-17,729000
2011-02-18,709000
2011-02-19,295000
2011-02-20,198000
2011-02-21,244000
2011-02-22,647000
2011-02-23,729000
2011-02-24,739000
2011-02-25,703000
2011-02-26,310000
2011-02-27,185000
2011-02-28,660000
2011-03-01,734000
2011-03-02,734000
2011-03-03,739000
2011-03-04,714000
2011-03-05,312000
2011-03-06,161000
2011-03-07,693000
2011-03-08,751000
2011-03-09,757000
2011-03-10,714000
2011-03-11,745000
2011-03-12,359000
2011-03-13,237000
2011-03-14,727000
2011-03-15,762000
2011-03-16,769000
2011-03-17,807000
2011-03-18,741000
2011-03-19,350000
2011-03-20,211000
2011-03-21,679000
2011-03-22,745000
2011-03-23,736000
2011-03-24,749000
2011-03-25,759000
2011-03-26,438000
2011-03-27,233000
2011-03-28,696000
2011-03-29,772000
2011-03-30,759000
2011-03-31,793000
2011-04-01,786000
2011-04-02,472000
2011-04-03,395000
2011-04-04,762000
2011-04-05,765000
2011-04-06,807000
2011-04-07,803000
2011-04-08,756000
2011-04-09,451000
2011-04-10,265000
2011-04-11,738000
2011-04-12,752000
2011-04-13,782000
2011-04-14,793000
2011-04-15,767000
2011-04-16,284000
2011-04-17,297000
2011-04-18,736000
2011-04-19,764000
2011-04-20,796000
2011-04-21,808000
2011-04-22,689000
2011-04-23,337000
2011-04-24,190000
2011-04-25,692000
2011-04-26,746000
2011-04-27,751000
2011-04-28,748000
2011-04-29,759000
2011-04-30,352000
2011-05-01,232000
2011-05-02,705000
2011-05-03,743000
2011-05-04,742000
2011-05-05,767000
2011-05-06,724000
2011-05-07,334000
2011-05-08,196000
2011-05-09,690000
2011-05-10,740000
2011-05-11,750000
2011-05-12,762000
2011-05-13,746000
2011-05-14,333000
2011-05-15,229000
2011-05-16,716000
2011-05-17,744000
2011-05-18,750000
2011-05-19,756000
2011-05-20,730000
2011-05-21,358000
2011-05-22,222000
2011-05-23,711000
2011-05-24,752000
2011-05-25,763000
2011-05-26,756000
2011-05-27,713000
2011-05-28,321000
2011-05-29,290000
2011-05-30,253000
2011-05-31,715000
2011-06-01,760000
2011-06-02,764000
2011-06-03,779000
2011-06-04,369000
2011-06-05,219000
2011-06-06,739000
2011-06-07,784000
2011-06-08,782000
2011-06-09,791000
2011-06-10,764000
2011-06-11,347000
2011-06-12,244000
2011-06-13,752000
2011-06-14,824000
2011-06-15,842000
2011-06-16,816000
2011-06-17,819000
2011-06-18,366000
2011-06-19,281000
2011-06-20,734000
2011-06-21,811000
2011-06-22,820000
2011-06-23,811000
2011-06-24,780000
2011-06-25,402000
2011-06-26,243000
2011-06-27,734000
2011-06-28,784000
2011-06-29,795000
2011-06-30,791000
2011-07-01,762000
2011-07-02,413000
2011-07-03,324000
2011-07-04,501000
2011-07-05,741000
2011-07-06,786000
2011-07-07,808000
2011-07-08,765000
2011-07-09,398000
2011-07-10,264000
2011-07-11,759000
2011-07-12,797000
2011-07-13,804000
2011-07-14,823000
2011-07-15,791000
2011-07-16,343000
2011-07-17,225000
2011-07-18,740000
2011-07-19,788000
2011-07-20,802000
2011-07-21,772000
2011-07-22,715000
2011-07-23,302000
2011-07-24,213000
2011-07-25,716000
2011-07-26,801000
2011-07-27,812000
2011-07-28,807000
2011-07-29,788000
2011-07-30,396000
2011-07-31,251000
2011-08-01,728000
2011-08-02,787000
2011-08-03,775000
2011-08-04,775000
2011-08-05,740000
2011-08-06,310000
2011-08-07,211000
2011-08-08,686000
2011-08-09,726000
2011-08-10,738000
2011-08-11,738000
2011-08-12,724000
2011-08-13,284000
2011-08-14,187000
2011-08-15,653000
2011-08-16,729000
2011-08-17,733000
2011-08-18,726000
2011-08-19,721000
2011-08-20,338000
2011-08-21,202000
2011-08-22,674000
2011-08-23,628000
2011-08-24,672000
2011-08-25,700000
2011-08-26,687000
2011-08-27,126000
2011-08-28,149000
2011-08-29,646000
2011-08-30,702000
2011-08-31,710000
2011-09-01,725000
2011-09-02,686000
2011-09-03,317000
2011-09-04,251000
2011-09-05,201000
2011-09-06,677000
2011-09-07,704000
2011-09-08,726000
2011-09-09,718000
2011-09-10,322000
2011-09-11,202000
2011-09-12,698000
2011-09-13,744000
2011-09-14,754000
2011-09-15,753000
2011-09-16,748000
2011-09-17,327000
2011-09-18,217000
2011-09-19,701000
2011-09-20,740000
2011-09-21,771000
2011-09-22,769000
2011-09-23,747000
2011-09-24,412000
2011-09-25,234000
2011-09-26,711000
2011-09-27,732000
2011-09-28,733000
2011-09-29,735000
2011-09-30,766000
2011-10-01,302000
2011-10-02,211000
2011-10-03,706000
2011-10-04,754000
2011-10-05,762000
2011-10-06,767000
2011-10-07,743000
2011-10-08,366000
2011-10-09,274000
2011-10-10,307000
2011-10-11,746000
2011-10-12,758000
2011-10-13,755000
2011-10-14,738000
2011-10-15,375000
2011-10-16,273000
2011-10-17,709000
2011-10-18,775000
2011-10-19,753000
2011-10-20,771000
2011-10-21,764000
2011-10-22,360000
2011-10-23,208000
2011-10-24,708000
2011-10-25,763000
2011-10-26,758000
2011-10-27,765000
2011-10-28,765000
2011-10-29,280000
2011-10-30,286000
2011-10-31,703000
2011-11-01,768000
2011-11-02,764000
2011-11-03,775000
2011-11-04,745000
2011-11-05,328000
2011-11-06,221000
2011-11-07,709000
2011-11-08,761000
2011-11-09,755000
2011-11-10,748000
2011-11-11,400000
2011-11-12,368000
2011-11-13,216000
2011-11-14,718000
2011-11-15,762000
2011-11-16,765000
2011-11-17,763000
2011-11-18,745000
2011-11-19,298000
2011-11-20,187000
2011-11-21,710000
2011-11-22,701000
2011-11-23,609000
2011-11-24,114000
2011-11-25,372000
2011-11-26,257000
2011-11-27,169000
2011-11-28,661000
2011-11-29,716000
2011-11-30,737000
2011-12-01,788000
2011-12-02,744000
2011-12-03,315000
2011-12-04,197000
2011-12-05,699000
2011-12-06,729000
2011-12-07,736000
2011-12-08,754000
2011-12-09,755000
2011-12-10,336000
2011-12-11,198000
2011-12-12,685000
2011-12-13,748000
2011-12-14,738000
2011-12-15,736000
2011-12-16,723000
2011-12-17,287000
2011-12-18,172000
2011-12-19,669000
2011-12-20,696000
2011-12-21,656000
2011-12-22,614000
2011-12-23,474000
2011-12-24,161000
2011-12-25,67000
2011-12-26,197000
2011-12-27,435000
2011-12-28,549000
2011-12-29,547000
2011-12-30,526000
2011-12-31,280000
2012-01-01,147000
2012-01-02,185000
2012-01-03,638000
2012-01-04,661000
2012-01-05,683000
2012-01-06,688000
2012-01-07,251000
2012-01-08,157000
2012-01-09,663000
2012-01-10,710000
2012-01-11,718000
2012-01-12,719000
2012-01-13,700000
2012-01-14,273000
2012-01-15,191000
2012-01-16,229000
2012-01-17,699000
2012-01-18,724000
2012-01-19,717000
2012-01-20,703000
2012-01-21,235000
2012-01-22,181000
2012-01-23,693000
2012-01-24,739000
2012-01-25,734000
2012-01-26,711000
2012-01-27,695000
2012-01-28,281000
2012-01-29,183000
2012-01-30,682000
2012-01-31,712000
2012-02-01,730000
2012-02-02,722000
2012-02-03,707000
2012-02-04,270000
2012-02-05,163000
2012-02-06,665000
2012-02-07,728000
2012-02-08,736000
2012-02-09,744000
2012-02-10,726000
2012-02-11,257000
2012-02-12,157000
2012-02-13,692000
2012-02-14,721000
2012-02-15,723000
2012-02-16,720000
2012-02-17,694000
2012-02-18,314000
2012-02-19,197000
2012-02-20,270000
2012-02-21,700000
2012-02-22,730000
2012-02-23,741000
2012-02-24,719000
2012-02-25,289000
2012-02-26,174000
2012-02-27,677000
2012-02-28,731000
2012-02-29,712000
2012-03-01,737000
2012-03-02,721000
2012-03-03,304000
2012-03-04,202000
2012-03-05,692000
2012-03-06,742000
2012-03-07,747000
2012-03-08,758000
2012-03-09,725000
2012-03-10,289000
2012-03-11,207000
2012-03-12,697000
2012-03-13,752000
2012-03-14,770000
2012-03-15,778000
2012-03-16,744000
2012-03-17,474000
2012-03-18,241000
2012-03-19,715000
2012-03-20,759000
2012-03-21,768000
2012-03-22,800000
2012-03-23,835000
2012-03-24,415000
2012-03-25,260000
2012-03-26,729000
2012-03-27,774000
2012-03-28,764000
2012-03-29,770000
2012-03-30,775000
2012-03-31,424000
2012-04-01,313000
2012-04-02,749000
2012-04-03,805000
2012-04-04,788000
2012-04-05,793000
2012-04-06,719000
2012-04-07,397000
2012-04-08,215000
2012-04-09,710000
2012-04-10,771000
2012-04-11,774000
2012-04-12,823000
2012-04-13,797000
2012-04-14,484000
2012-04-15,263000
2012-04-16,713000
2012-04-17,782000
2012-04-18,768000
2012-04-19,797000
2012-04-20,774000
2012-04-21,342000
2012-04-22,194000
2012-04-23,695000
2012-04-24,739000
2012-04-25,751000
2012-04-26,751000
2012-04-27,727000
2012-04-28,332000
2012-04-29,247000
2012-04-30,679000
2012-05-01,739000
2012-05-02,753000
2012-05-03,750000
2012-05-04,734000
2012-05-05,349000
2012-05-06,214000
2012-05-07,686000
2012-05-08,723000
2012-05-09,746000
2012-05-10,757000
2012-05-11,718000
2012-05-12,351000
2012-05-13,197000
2012-05-14,673000
2012-05-15,740000
2012-05-16,776000
2012-05-17,789000
2012-05-18,778000
2012-05-19,383000
2012-05-20,261000
2012-05-21,678000
2012-05-22,737000
2012-05-23,746000
2012-05-24,742000
2012-05-25,692000
2012-05-26,326000
2012-05-27,280000
2012-05-28,245000
2012-05-29,696000
2012-05-30,751000
2012-05-31,762000
2012-06-01,706000
2012-06-02,397000
2012-06-03,253000
2012-06-04,730000
2012-06-05,791000
2012-06-06,800000
2012-06-07,809000
2012-06-08,799000
2012-06-09,462000
2012-06-10,261000
2012-06-11,750000
2012-06-12,774000
2012-06-13,804000
2012-06-14,797000
2012-06-15,801000
2012-06-16,372000
2012-06-17,253000
2012-06-18,724000
2012-06-19,810000
2012-06-20,796000
2012-06-21,800000
2012-06-22,736000
2012-06-23,345000
2012-06-24,232000
2012-06-25,724000
2012-06-26,788000
2012-06-27,797000
2012-06-28,796000
2012-06-29,734000
2012-06-30,295000
2012-07-01,220000
2012-07-02,680000
2012-07-03,781000
2012-07-04,487000
2012-07-05,704000
2012-07-06,693000
2012-07-07,283000
2012-07-08,213000
2012-07-09,716000
2012-07-10,763000
2012-07-11,774000
2012-07-12,783000
2012-07-13,759000
2012-07-14,298000
2012-07-15,206000
2012-07-16,736000
2012-07-17,777000
2012-07-18,774000
2012-07-19,789000
2012-07-20,751000
2012-07-21,341000
2012-07-22,257000
2012-07-23,720000
2012-07-24,764000
2012-07-25,791000
2012-07-26,771000
2012-07-27,736000
2012-07-28,315000
2012-07-29,209000
2012-07-30,689000
2012-07-31,747000
2012-08-01,760000
2012-08-02,768000
2012-08-03,731000
2012-08-04,320000
2012-08-05,212000
2012-08-06,665000
2012-08-07,712000
2012-08-08,713000
2012-08-09,710000
2012-08-10,659000
2012-08-11,278000
2012-08-12,196000
2012-08-13,648000
2012-08-14,683000
2012-08-15,700000
2012-08-16,694000
2012-08-17,692000
2012-08-18,320000
2012-08-19,196000
2012-08-20,646000
2012-08-21,702000
2012-08-22,709000
2012-08-23,694000
2012-08-24,660000
2012-08-25,271000
2012-08-26,176000
2012-08-27,644000
2012-08-28,680000
2012-08-29,691000
2012-08-30,696000
2012-08-31,668000
2012-09-01,310000
2012-09-02,228000
2012-09-03,205000
2012-09-04,668000
2012-09-05,705000
2012-09-06,709000
2012-09-07,713000
2012-09-08,233000
2012-09-09,183000
2012-09-10,686000
2012-09-11,724000
2012-09-12,737000
2012-09-13,734000
2012-09-14,738000
2012-09-15,312000
2012-09-16,190000
2012-09-17,658000
2012-09-18,679000
2012-09-19,748000
2012-09-20,756000
2012-09-21,738000
2012-09-22,364000
2012-09-23,250000
2012-09-24,700000
2012-09-25,712000
2012-09-26,698000
2012-09-27,728000
2012-09-28,704000
2012-09-29,329000
2012-09-30,196000
2012-10-01,709000
2012-10-02,723000
2012-10-03,752000
2012-10-04,735000
2012-10-05,710000
2012-10-06,320000
2012-10-07,200000
2012-10-08,346000
2012-10-09,700000
2012-10-10,756000
2012-10-11,780000
2012-10-12,754000
2012-10-13,317000
2012-10-14,216000
2012-10-15,684000
2012-10-16,723000
2012-10-17,731000
2012-10-18,739000
2012-10-19,726000
2012-10-20,346000
2012-10-21,222000
2012-10-22,689000
2012-10-23,736000
2012-10-24,733000
2012-10-25,741000
2012-10-26,730000
2012-10-27,347000
2012-10-28,227000
2012-10-29,0
2012-10-30,53000
2012-10-31,664000
2012-11-01,713000
2012-11-02,711000
2012-11-03,288000
2012-11-04,181000
2012-11-05,692000
2012-11-06,688000
2012-11-07,702000
2012-11-08,723000
2012-11-09,720000
2012-11-10,306000
2012-11-11,209000
2012-11-12,361000
2012-11-13,707000
2012-11-14,724000
2012-11-15,730000
2012-11-16,716000
2012-11-17,304000
2012-11-18,197000
2012-11-19,674000
2012-11-20,685000
2012-11-21,575000
2012-11-22,110000
2012-11-23,335000
2012-11-24,222000
2012-11-25,153000
2012-11-26,643000
2012-11-27,685000
2012-11-28,709000
2012-11-29,713000
2012-11-30,709000
2012-12-01,274000
2012-12-02,175000
2012-12-03,695000
2012-12-04,724000
2012-12-05,724000
2012-12-06,753000
2012-12-07,694000
2012-12-08,269000
2012-12-09,159000
2012-12-10,658000
2012-12-11,706000
2012-12-12,723000
2012-12-13,721000
2012-12-14,702000
2012-12-15,281000
2012-12-16,151000
2012-12-17,649000
2012-12-18,701000
2012-12-19,689000
2012-12-20,659000
2012-12-21,580000
2012-12-22,210000
2012-12-23,154000
2012-12-24,175000
2012-12-25,68000
2012-12-26,332000
2012-12-27,461000
2012-12-28,500000
2012-12-29,219000
2012-12-30,187000
2012-12-31,416000
2013-01-01,138000
2013-01-02,574000
2013-01-03,626000
2013-01-04,631000
2013-01-05,242000
2013-01-06,165000
2013-01-07,640000
2013-01-08,685000
2013-01-09,682000
2013-01-10,693000
2013-01-11,677000
2013-01-12,284000
2013-01-13,175000
2013-01-14,677000
2013-01-15,705000
2013-01-16,709000
2013-01-17,708000
2013-01-18,715000
2013-01-19,385000
2013-01-20,405000
2013-01-21,783000
2013-01-22,715000
2013-01-23,691000
2013-01-24,698000
2013-01-25,727000
2013-01-26,294000
2013-01-27,176000
2013-01-28,606000
2013-01-29,705000
2013-01-30,705000
2013-01-31,709000
2013-02-01,709000
2013-02-02,261000
2013-02-03,168000
2013-02-04,668000
2013-02-05,725000
2013-02-06,730000
2013-02-07,726000
2013-02-08,703000
2013-02-09,308000
2013-02-10,206000
2013-02-11,670000
2013-02-12,721000
2013-02-13,722000
2013-02-14,738000
2013-02-15,693000
2013-02-16,304000
2013-02-17,229000
2013-02-18,280000
2013-02-19,692000
2013-02-20,722000
2013-02-21,738000
2013-02-22,704000
2013-02-23,278000
2013-02-24,177000
2013-02-25,668000
2013-02-26,714000
2013-02-27,727000
2013-02-28,721000
2013-03-01,717000
2013-03-02,272000
2013-03-03,174000
2013-03-04,677000
2013-03-05,740000
2013-03-06,206000
2013-03-07,732000
2013-03-08,719000
2013-03-09,331000
2013-03-10,219000
2013-03-11,691000
2013-03-12,732000
2013-03-13,754000
2013-03-14,765000
2013-03-15,753000
2013-03-16,417000
2013-03-17,227000
2013-03-18,681000
2013-03-19,749000
2013-03-20,757000
2013-03-21,753000
2013-03-22,736000
2013-03-23,381000
2013-03-24,240000
2013-03-25,648000
2013-03-26,774000
2013-03-27,777000
2013-03-28,794000
2013-03-29,778000
2013-03-30,452000
2013-03-31,214000
2013-04-01,786000
2013-04-02,785000
2013-04-03,825000
2013-04-04,832000
2013-04-05,790000
2013-04-06,504000
2013-04-07,375000
2013-04-08,728000
2013-04-09,815000
2013-04-10,872000
2013-04-11,818000
2013-04-12,764000
2013-04-13,563000
2013-04-14,316000
2013-04-15,701000
2013-04-16,740000
2013-04-17,764000
2013-04-18,756000
2013-04-19,704000
2013-04-20,310000
2013-04-21,194000
2013-04-22,707000
2013-04-23,761000
2013-04-24,768000
2013-04-25,787000
2013-04-26,750000
2013-04-27,362000
2013-04-28,244000
2013-04-29,675000
2013-04-30,713000
2013-05-01,725000
2013-05-02,747000
2013-05-03,709000
2013-05-04,331000
2013-05-05,207000
2013-05-06,677000
2013-05-07,714000
2013-05-08,753000
2013-05-09,755000
2013-05-10,757000
2013-05-11,323000
2013-05-12,220000
2013-05-13,694000
2013-05-14,729000
2013-05-15,743000
2013-05-16,750000
2013-05-17,725000
2013-05-18,281000
2013-05-19,201000
2013-05-20,690000
2013-05-21,740000
2013-05-22,748000
2013-05-23,732000
2013-05-24,674000
2013-05-25,359000
2013-05-26,317000
2013-05-27,283000
2013-05-28,713000
2013-05-29,735000
2013-05-30,740000
2013-05-31,718000
2013-06-01,253000
2013-06-02,195000
2013-06-03,694000
2013-06-04,779000
2013-06-05,784000
2013-06-06,768000
2013-06-07,686000
2013-06-08,361000
2013-06-09,255000
2013-06-10,701000
2013-06-11,775000
2013-06-12,782000
2013-06-13,702000
2013-06-14,749000
2013-06-15,301000
2013-06-16,195000
2013-06-17,710000
2013-06-18,748000
2013-06-19,774000
2013-06-20,793000
2013-06-21,765000
2013-06-22,365000
2013-06-23,236000
2013-06-24,716000
2013-06-25,779000
2013-06-26,787000
2013-06-27,777000
2013-06-28,715000
2013-06-29,331000
2013-06-30,206000
2013-07-01,717000
2013-07-02,759000
2013-07-03,756000
2013-07-04,527000
2013-07-05,580000
2013-07-06,334000
2013-07-07,223000
2013-07-08,693000
2013-07-09,753000
2013-07-10,756000
2013-07-11,774000
2013-07-12,779000
2013-07-13,336000
2013-07-14,233000
2013-07-15,727000
2013-07-16,765000
2013-07-17,773000
2013-07-18,754000
2013-07-19,737000
2013-07-20,332000
2013-07-21,231000
2013-07-22,739000
2013-07-23,783000
2013-07-24,790000
2013-07-25,783000
2013-07-26,768000
2013-07-27,340000
2013-07-28,226000
2013-07-29,698000
2013-07-30,736000
2013-07-31,732000
2013-08-01,726000
2013-08-02,714000
2013-08-03,293000
2013-08-04,215000
2013-08-05,703000
2013-08-06,726000
2013-08-07,732000
2013-08-08,707000
2013-08-09,693000
2013-08-10,326000
2013-08-11,219000
2013-08-12,648000
2013-08-13,698000
2013-08-14,726000
2013-08-15,716000
2013-08-16,665000
2013-08-17,292000
2013-08-18,176000
2013-08-19,641000
2013-08-20,686000
2013-08-21,693000
2013-08-22,693000
2013-08-23,657000
2013-08-24,428000
2013-08-25,202000
2013-08-26,654000
2013-08-27,708000
2013-08-28,699000
2013-08-29,701000
2013-08-30,648000
2013-08-31,297000
2013-09-01,231000
2013-09-02,182000
2013-09-03,665000
2013-09-04,698000
2013-09-05,691000
2013-09-06,686000
2013-09-07,262000
2013-09-08,173000
2013-09-09,690000
2013-09-10,724000
2013-09-11,730000
2013-09-12,721000
2013-09-13,722000
2013-09-14,311000
2013-09-15,192000
2013-09-16,663000
2013-09-17,742000
2013-09-18,755000
2013-09-19,746000
2013-09-20,740000
2013-09-21,318000
2013-09-22,260000
2013-09-23,677000
2013-09-24,718000
2013-09-25,724000
2013-09-26,725000
2013-09-27,710000
2013-09-28,321000
2013-09-29,198000
2013-09-30,679000
2013-10-01,665000
2013-10-02,607000
2013-10-03,622000
2013-10-04,610000
2013-10-05,235000
2013-10-06,148000
2013-10-07,555000
2013-10-08,621000
2013-10-09,609000
2013-10-10,602000
2013-10-11,570000
2013-10-12,275000
2013-10-13,183000
2013-10-14,346000
2013-10-15,594000
2013-10-16,612000
2013-10-17,692000
2013-10-18,709000
2013-10-19,316000
2013-10-20,235000
2013-10-21,676000
2013-10-22,722000
2013-10-23,727000
2013-10-24,739000
2013-10-25,736000
2013-10-26,366000
2013-10-27,307000
2013-10-28,671000
2013-10-29,715000
2013-10-30,714000
2013-10-31,716000
2013-11-01,696000
2013-11-02,295000
2013-11-03,192000
2013-11-04,681000
2013-11-05,721000
2013-11-06,720000
2013-11-07,729000
2013-11-08,705000
2013-11-09,296000
2013-11-10,195000
2013-11-11,367000
2013-11-12,693000
2013-11-13,708000
2013-11-14,721000
2013-11-15,697000
2013-11-16,271000
2013-11-17,172000
2013-11-18,671000
2013-11-19,715000
2013-11-20,729000
2013-11-21,721000
2013-11-22,709000
2013-11-23,283000
2013-11-24,166000
2013-11-25,657000
2013-11-26,637000
2013-11-27,528000
2013-11-28,104000
2013-11-29,326000
2013-11-30,223000
2013-12-01,168000
2013-12-02,640000
2013-12-03,706000
2013-12-04,716000
2013-12-05,711000
2013-12-06,692000
2013-12-07,286000
2013-12-08,164000
2013-12-09,577000
2013-12-10,316000
2013-12-11,710000
2013-12-12,709000
2013-12-13,689000
2013-12-14,257000
2013-12-15,183000
2013-12-16,659000
2013-12-17,694000
2013-12-18,693000
2013-12-19,681000
2013-12-20,634000
2013-12-21,273000
2013-12-22,158000
2013-12-23,479000
2013-12-24,341000
2013-12-25,67000
2013-12-26,351000
2013-12-27,427000
2013-12-28,261000
2013-12-29,142000
2013-12-30,496000
2013-12-31,482000
2014-01-01,147000
2014-01-02,551000
2014-01-03,461000
2014-01-04,219000
2014-01-05,142000
2014-01-06,614000
2014-01-07,550000
2014-01-08,645000
2014-01-09,668000
2014-01-10,651000
2014-01-11,247000
2014-01-12,197000
2014-01-13,672000
2014-01-14,714000
2014-01-15,724000
2014-01-16,715000
2014-01-17,683000
2014-01-18,244000
2014-01-19,160000
2014-01-20,268000
2014-01-21,290000
2014-01-22,560000
2014-01-23,680000
2014-01-24,664000
2014-01-25,251000
2014-01-26,158000
2014-01-27,661000
2014-01-28,663000
2014-01-29,669000
2014-01-30,682000
2014-01-31,672000
2014-02-01,284000
2014-02-02,181000
2014-02-03,619000
2014-02-04,703000
2014-02-05,642000
2014-02-06,709000
2014-02-07,682000
2014-02-08,262000
2014-02-09,154000
2014-02-10,659000
2014-02-11,701000
2014-02-12,702000
2014-02-13,106000
2014-02-14,540000
2014-02-15,250000
2014-02-16,192000
2014-02-17,262000
2014-02-18,698000
2014-02-19,715000
2014-02-20,728000
2014-02-21,695000
2014-02-22,317000
2014-02-23,180000
2014-02-24,673000
2014-02-25,696000
2014-02-26,675000
2014-02-27,711000
2014-02-28,673000
2014-03-01,278000
2014-03-02,183000
2014-03-03,132000
2014-03-04,632000
2014-03-05,728000
2014-03-06,726000
2014-03-07,698000
2014-03-08,323000
2014-03-09,192000
2014-03-10,699000
2014-03-11,734000
2014-03-12,728000
2014-03-13,726000
2014-03-14,726000
2014-03-15,417000
2014-03-16,212000
2014-03-17,241000
2014-03-18,723000
2014-03-19,731000
2014-03-20,751000
2014-03-21,722000
2014-03-22,385000
2014-03-23,217000
2014-03-24,699000
2014-03-25,716000
2014-03-26,745000
2014-03-27,750000
2014-03-28,730000
2014-03-29,329000
2014-03-30,184000
2014-03-31,706000
2014-04-01,758000
2014-04-02,753000
2014-04-03,753000
2014-04-04,783000
2014-04-05,464000
2014-04-06,308000
2014-04-07,690000
2014-04-08,766000
2014-04-09,786000
2014-04-10,818000
2014-04-11,793000
2014-04-12,638000
2014-04-13,406000
2014-04-14,747000
2014-04-15,678000
2014-04-16,733000
2014-04-17,780000
2014-04-18,736000
2014-04-19,402000
2014-04-20,224000
2014-04-21,692000
2014-04-22,736000
2014-04-23,757000
2014-04-24,776000
2014-04-25,752000
2014-04-26,395000
2014-04-27,312000
2014-04-28,678000
2014-04-29,698000
2014-04-30,682000
2014-05-01,733000
2014-05-02,706000
2014-05-03,341000
2014-05-04,217000
2014-05-05,699000
2014-05-06,740000
2014-05-07,750000
2014-05-08,737000
2014-05-09,715000
2014-05-10,318000
2014-05-11,213000
2014-05-12,682000
2014-05-13,731000
2014-05-14,729000
2014-05-15,749000
2014-05-16,705000
2014-05-17,362000
2014-05-18,254000
2014-05-19,702000
2014-05-20,751000
2014-05-21,749000
2014-05-22,731000
2014-05-23,674000
2014-05-24,329000
2014-05-25,284000
2014-05-26,268000
2014-05-27,685000
2014-05-28,732000
2014-05-29,726000
2014-05-30,734000
2014-05-31,328000
2014-06-01,239000
2014-06-02,700000
2014-06-03,754000
2014-06-04,773000
2014-06-05,769000
2014-06-06,737000
2014-06-07,353000
2014-06-08,242000
2014-06-09,710000
2014-06-10,752000
2014-06-11,759000
2014-06-12,754000
2014-06-13,722000
2014-06-14,322000
2014-06-15,222000
2014-06-16,734000
2014-06-17,793000
2014-06-18,787000
2014-06-19,781000
2014-06-20,767000
2014-06-21,343000
2014-06-22,264000
2014-06-23,714000
2014-06-24,773000
2014-06-25,776000
2014-06-26,769000
2014-06-27,738000
2014-06-28,295000
2014-06-29,200000
2014-06-30,720000
2014-07-01,771000
2014-07-02,748000
2014-07-03,686000
2014-07-04,596000
2014-07-05,368000
2014-07-06,251000
2014-07-07,699000
2014-07-08,762000
2014-07-09,741000
2014-07-10,752000
2014-07-11,737000
2014-07-12,319000
2014-07-13,224000
2014-07-14,699000
2014-07-15,745000
2014-07-16,775000
2014-07-17,773000
2014-07-18,764000
2014-07-19,359000
2014-07-20,254000
2014-07-21,709000
2014-07-22,761000
2014-07-23,762000
2014-07-24,757000
2014-07-25,764000
2014-07-26,387000
2014-07-27,238000
2014-07-28,707000
2014-07-29,775000
2014-07-30,770000
2014-07-31,784000
2014-08-01,741000
2014-08-02,359000
2014-08-03,247000
2014-08-04,733000
2014-08-05,771000
2014-08-06,760000
2014-08-07,785000
2014-08-08,714000
2014-08-09,321000
2014-08-10,228000
2014-08-11,699000
2014-08-12,666000
2014-08-13,727000
2014-08-14,720000
2014-08-15,714000
2014-08-16,343000
2014-08-17,239000
2014-08-18,670000
2014-08-19,711000
2014-08-20,710000
2014-08-21,717000
2014-08-22,685000
2014-08-23,298000
2014-08-24,237000
2014-08-25,655000
2014-08-26,696000
2014-08-27,704000
2014-08-28,696000
2014-08-29,653000
2014-08-30,314000
2014-08-31,220000
2014-09-01,191000
2014-09-02,662000
2014-09-03,711000
2014-09-04,719000
2014-09-05,714000
2014-09-06,301000
2014-09-07,219000
2014-09-08,698000
2014-09-09,744000
2014-09-10,758000
2014-09-11,725000
2014-09-12,722000
2014-09-13,309000
2014-09-14,237000
2014-09-15,692000
2014-09-16,736000
2014-09-17,746000
2014-09-18,739000
2014-09-19,718000
2014-09-20,339000
2014-09-21,216000
2014-09-22,713000
2014-09-23,745000
2014-09-24,734000
2014-09-25,740000
2014-09-26,748000
2014-09-27,360000
2014-09-28,228000
2014-09-29,681000
2014-09-30,722000
2014-10-01,733000
2014-10-02,748000
2014-10-03,745000
2014-10-04,348000
2014-10-05,222000
2014-10-06,712000
2014-10-07,733000
2014-10-08,747000
2014-10-09,753000
2014-10-10,701000
2014-10-11,324000
2014-10-12,295000
2014-10-13,377000
2014-10-14,737000
2014-10-15,717000
2014-10-16,753000
2014-10-17,743000
2014-10-18,346000
2014-10-19,214000
2014-10-20,692000
2014-10-21,725000
2014-10-22,713000
2014-10-23,750000
2014-10-24,743000
2014-10-25,357000
2014-10-26,310000
2014-10-27,685000
2014-10-28,727000
2014-10-29,730000
2014-10-30,732000
2014-10-31,729000
2014-11-01,291000
2014-11-02,197000
2014-11-03,681000
2014-11-04,723000
2014-11-05,741000
2014-11-06,746000
2014-11-07,730000
2014-11-08,346000
2014-11-09,216000
2014-11-10,643000
2014-11-11,525000
2014-11-12,734000
2014-11-13,734000
2014-11-14,741000
2014-11-15,331000
2014-11-16,220000
2014-11-17,687000
2014-11-18,733000
2014-11-19,745000
2014-11-20,728000
2014-11-21,704000
2014-11-22,291000
2014-11-23,178000
2014-11-24,671000
2014-11-25,690000
2014-11-26,502000
2014-11-27,114000
2014-11-28,336000
2014-11-29,239000
2014-11-30,167000
2014-12-01,666000
2014-12-02,708000
2014-12-03,740000
2014-12-04,752000
2014-12-05,711000
2014-12-06,268000
2014-12-07,213000
2014-12-08,675000
2014-12-09,698000
2014-12-10,729000
2014-12-11,726000
2014-12-12,703000
2014-12-13,367000
2014-12-14,192000
2014-12-15,677000
2014-12-16,658000
2014-12-17,717000
2014-12-18,698000
2014-12-19,642000
2014-12-20,272000
2014-12-21,184000
2014-12-22,551000
2014-12-23,529000
2014-12-24,320000
2014-12-25,75000
2014-12-26,255000
2014-12-27,254000
2014-12-28,182000
2014-12-29,505000
2014-12-30,531000
2014-12-31,482000
2015-01-01,192000
2015-01-02,424000
2015-01-03,206000
2015-01-04,161000
2015-01-05,619000
2015-01-06,595000
2015-01-07,661000
2015-01-08,625000
2015-01-09,645000
2015-01-10,250000
2015-01-11,170000
2015-01-12,616000
2015-01-13,675000
2015-01-14,659000
2015-01-15,689000
2015-01-16,663000
2015-01-17,265000
2015-01-18,156000
2015-01-19,258000
2015-01-20,684000
2015-01-21,677000
2015-01-22,746000
2015-01-23,685000
2015-01-24,259000
2015-01-25,176000
2015-01-26,594000
2015-01-27,589000
2015-01-28,704000
2015-01-29,691000
2015-01-30,670000
2015-01-31,270000
2015-02-01,170000
2015-02-02,632000
2015-02-03,695000
2015-02-04,699000
2015-02-05,688000
2015-02-06,665000
2015-02-07,268000
2015-02-08,182000
2015-02-09,657000
2015-02-10,691000
2015-02-11,702000
2015-02-12,695000
2015-02-13,624000
2015-02-14,259000
2015-02-15,145000
2015-02-16,236000
2015-02-17,193000
2015-02-18,653000
2015-02-19,669000
2015-02-20,610000
2015-02-21,215000
2015-02-22,160000
2015-02-23,636000
2015-02-24,692000
2015-02-25,706000
2015-02-26,599000
2015-02-27,664000
2015-02-28,262000
2015-03-01,154000
2015-03-02,611000
2015-03-03,687000
2015-03-04,705000
2015-03-05,197000
2015-03-06,563000
2015-03-07,300000
2015-03-08,196000
2015-03-09,679000
2015-03-10,717000
2015-03-11,727000
2015-03-12,741000
2015-03-13,707000
2015-03-14,343000
2015-03-15,232000
2015-03-16,697000
2015-03-17,743000
2015-03-18,742000
2015-03-19,742000
2015-03-20,664000
2015-03-21,344000
2015-03-22,217000
2015-03-23,687000
2015-03-24,725000
2015-03-25,737000
2015-03-26,737000
2015-03-27,701000
2015-03-28,348000
2015-03-29,227000
2015-03-30,694000
2015-03-31,743000
2015-04-01,758000
2015-04-02,762000
2015-04-03,673000
2015-04-04,399000
2015-04-05,228000
2015-04-06,747000
2015-04-07,747000
2015-04-08,787000
2015-04-09,786000
2015-04-10,765000
2015-04-11,683000
2015-04-12,436000
2015-04-13,719000
2015-04-14,705000
2015-04-15,748000
2015-04-16,739000
2015-04-17,739000
2015-04-18,465000
2015-04-19,254000
2015-04-20,691000
2015-04-21,756000
2015-04-22,760000
2015-04-23,785000
2015-04-24,724000
2015-04-25,307000
2015-04-26,220000
2015-04-27,680000
2015-04-28,713000
2015-04-29,719000
2015-04-30,710000
2015-05-01,683000
2015-05-02,332000
2015-05-03,217000
2015-05-04,697000
2015-05-05,732000
2015-05-06,748000
2015-05-07,725000
2015-05-08,751000
2015-05-09,372000
2015-05-10,221000
2015-05-11,647000
2015-05-12,715000
2015-05-13,732000
2015-05-14,733000
2015-05-15,721000
2015-05-16,314000
2015-05-17,221000
2015-05-18,689000
2015-05-19,750000
2015-05-20,757000
2015-05-21,699000
2015-05-22,678000
2015-05-23,333000
2015-05-24,299000
2015-05-25,243000
2015-05-26,675000
2015-05-27,705000
2015-05-28,721000
2015-05-29,699000
2015-05-30,307000
2015-05-31,215000
2015-06-01,695000
2015-06-02,745000
2015-06-03,759000
2015-06-04,758000
2015-06-05,733000
2015-06-06,333000
2015-06-07,243000
2015-06-08,698000
2015-06-09,752000
2015-06-10,768000
2015-06-11,763000
2015-06-12,727000
2015-06-13,344000
2015-06-14,236000
2015-06-15,713000
2015-06-16,762000
2015-06-17,787000
2015-06-18,766000
2015-06-19,742000
2015-06-20,310000
2015-06-21,241000
2015-06-22,702000
2015-06-23,746000
2015-06-24,785000
2015-06-25,778000
2015-06-26,728000
2015-06-27,247000
2015-06-28,247000
2015-06-29,710000
2015-06-30,738000
2015-07-01,740000
2015-07-02,690000
2015-07-03,426000
2015-07-04,521000
2015-07-05,268000
2015-07-06,676000
2015-07-07,765000
2015-07-08,761000
2015-07-09,748000
2015-07-10,716000
2015-07-11,287000
2015-07-12,218000
2015-07-13,722000
2015-07-14,783000
2015-07-15,749000
2015-07-16,752000
2015-07-17,740000
2015-07-18,327000
2015-07-19,242000
2015-07-20,711000
2015-07-21,770000
2015-07-22,783000
2015-07-23,755000
2015-07-24,716000
2015-07-25,316000
2015-07-26,227000
2015-07-27,684000
2015-07-28,758000
2015-07-29,739000
2015-07-30,717000
2015-07-31,697000
2015-08-01,294000
2015-08-02,207000
2015-08-03,689000
2015-08-04,723000
2015-08-05,737000
2015-08-06,636000
2015-08-07,655000
2015-08-08,300000
2015-08-09,223000
2015-08-10,623000
2015-08-11,673000
2015-08-12,683000
2015-08-13,675000
2015-08-14,657000
2015-08-15,269000
2015-08-16,189000
2015-08-17,614000
2015-08-18,655000
2015-08-19,659000
2015-08-20,649000
2015-08-21,638000
2015-08-22,270000
2015-08-23,189000
2015-08-24,606000
2015-08-25,672000
2015-08-26,675000
2015-08-27,675000
2015-08-28,643000
2015-08-29,268000
2015-08-30,187000
2015-08-31,615000
2015-09-01,663000
2015-09-02,665000
2015-09-03,677000
2015-09-04,620000
2015-09-05,299000
2015-09-06,215000
2015-09-07,198000
2015-09-08,657000
2015-09-09,697000
2015-09-10,679000
2015-09-11,653000
2015-09-12,234000
2015-09-13,186000
2015-09-14,634000
2015-09-15,685000
2015-09-16,703000
2015-09-17,716000
2015-09-18,694000
2015-09-19,309000
2015-09-20,217000
2015-09-21,665000
2015-09-22,667000
2015-09-23,568000
2015-09-24,581000
2015-09-25,685000
2015-09-26,304000
2015-09-27,199000
2015-09-28,654000
2015-09-29,680000
2015-09-30,689000
2015-10-01,688000
2015-10-02,633000
2015-10-03,237000
2015-10-04,181000
2015-10-05,652000
2015-10-06,692000
2015-10-07,693000
2015-10-08,701000
2015-10-09,661000
2015-10-10,429000
2015-10-11,260000
2015-10-12,365000
2015-10-13,695000
2015-10-14,705000
2015-10-15,716000
2015-10-16,672000
2015-10-17,283000
2015-10-18,182000
2015-10-19,642000
2015-10-20,688000
2015-10-21,695000
2015-10-22,703000
2015-10-23,696000
2015-10-24,312000
2015-10-25,296000
2015-10-26,657000
2015-10-27,690000
2015-10-28,685000
2015-10-29,691000
2015-10-30,663000
2015-10-31,282000
2015-11-01,162000
2015-11-02,644000
2015-11-03,688000
2015-11-04,712000
2015-11-05,720000
2015-11-06,686000
2015-11-07,276000
2015-11-08,181000
2015-11-09,647000
2015-11-10,691000
2015-11-11,405000
2015-11-12,673000
2015-11-13,668000
2015-11-14,260000
2015-11-15,181000
2015-11-16,655000
2015-11-17,692000
2015-11-18,691000
2015-11-19,690000
2015-11-20,649000
2015-11-21,243000
2015-11-22,151000
2015-11-23,629000
2015-11-24,634000
2015-11-25,514000
2015-11-26,102000
2015-11-27,303000
2015-11-28,209000
2015-11-29,143000
2015-11-30,603000
2015-12-01,657000
2015-12-02,682000
2015-12-03,714000
2015-12-04,652000
2015-12-05,257000
2015-12-06,169000
2015-12-07,644000
2015-12-08,690000
2015-12-09,687000
2015-12-10,694000
2015-12-11,645000
2015-12-12,300000
2015-12-13,170000
2015-12-14,633000
2015-12-15,675000
2015-12-16,684000
2015-12-17,655000
2015-12-18,632000
2015-12-19,239000
2015-12-20,167000
2015-12-21,550000
2015-12-22,542000
2015-12-23,457000
2015-12-24,273000
2015-12-25,64000
2015-12-26,186000
2015-12-27,165000
2015-12-28,450000
2015-12-29,486000
2015-12-30,490000
2015-12-31,428000
2016-01-01,163000
2016-01-02,213000
2016-01-03,147000
2016-01-04,567000
2016-01-05,597000
2016-01-06,626000
2016-01-07,625000
2016-01-08,607000
2016-01-09,229000
2016-01-10,179000
2016-01-11,628000
2016-01-12,660000
2016-01-13,659000
2016-01-14,670000
2016-01-15,608000
2016-01-16,249000
2016-01-17,162000
2016-01-18,210000
2016-01-19,608000
2016-01-20,676000
2016-01-21,674000
2016-01-22,322000
2016-01-23,0
2016-01-24,0
2016-01-25,9000
2016-01-26,307000
2016-01-27,655000
2016-01-28,689000
2016-01-29,677000
2016-01-30,270000
2016-01-31,177000
2016-02-01,651000
2016-02-02,692000
2016-02-03,681000
2016-02-04,694000
2016-02-05,654000
2016-02-06,229000
2016-02-07,153000
2016-02-08,629000
2016-02-09,607000
2016-02-10,673000
2016-02-11,666000
2016-02-12,616000
2016-02-13,201000
2016-02-14,159000
2016-02-15,194000
2016-02-16,547000
2016-02-17,674000
2016-02-18,678000
2016-02-19,652000
2016-02-20,265000
2016-02-21,142000
2016-02-22,638000
2016-02-23,664000
2016-02-24,663000
2016-02-25,682000
2016-02-26,640000
2016-02-27,233000
2016-02-28,171000
2016-02-29,628000
2016-03-01,682000
2016-03-02,680000
2016-03-03,675000
2016-03-04,623000
2016-03-05,240000
2016-03-06,162000
2016-03-07,646000
2016-03-08,694000
2016-03-09,704000
2016-03-10,715000
2016-03-11,681000
2016-03-12,366000
2016-03-13,180000
2016-03-14,621000
2016-03-15,699000
2016-03-16,0
2016-03-17,683000
2016-03-18,669000
2016-03-19,268000
2016-03-20,190000
2016-03-21,668000
2016-03-22,710000
2016-03-23,734000
2016-03-24,767000
2016-03-25,672000
2016-03-26,464000
2016-03-27,235000
2016-03-28,655000
2016-03-29,712000
2016-03-30,729000
2016-03-31,685000
2016-04-01,681000
2016-04-02,355000
2016-04-03,230000
2016-04-04,660000
2016-04-05,704000
2016-04-06,712000
2016-04-07,721000
2016-04-08,684000
2016-04-09,270000
2016-04-10,232000
2016-04-11,663000
2016-04-12,700000
2016-04-13,717000
2016-04-14,727000
2016-04-15,664000
2016-04-16,422000
2016-04-17,241000
2016-04-18,660000
2016-04-19,696000
2016-04-20,700000
2016-04-21,696000
2016-04-22,668000
2016-04-23,268000
2016-04-24,204000
2016-04-25,634000
2016-04-26,687000
2016-04-27,690000
2016-04-28,701000
2016-04-29,632000
2016-04-30,261000
2016-05-01,148000
2016-05-02,618000
2016-05-03,661000
2016-05-04,671000
2016-05-05,669000
2016-05-06,590000
2016-05-07,271000
2016-05-08,165000
2016-05-09,610000
2016-05-10,669000
2016-05-11,679000
2016-05-12,667000
2016-05-13,637000
2016-05-14,269000
2016-05-15,196000
2016-05-16,620000
2016-05-17,645000
2016-05-18,661000
2016-05-19,671000
2016-05-20,630000
2016-05-21,204000
2016-05-22,155000
2016-05-23,635000
2016-05-24,681000
2016-05-25,694000
2016-05-26,674000
2016-05-27,597000
2016-05-28,267000
2016-05-29,233000
2016-05-30,192000
2016-05-31,626000
2016-06-01,668000
2016-06-02,667000
2016-06-03,618000
2016-06-04,240000
2016-06-05,170000
2016-06-06,615000
2016-06-07,663000
2016-06-08,672000
2016-06-09,674000
2016-06-10,639000
2016-06-11,289000
2016-06-12,212000
2016-06-13,662000
2016-06-14,707000
2016-06-15,708000
2016-06-16,664000
2016-06-17,619000
2016-06-18,237000
2016-06-19,178000
2016-06-20,617000
2016-06-21,654000
2016-06-22,668000
2016-06-23,648000
2016-06-24,605000
2016-06-25,263000
2016-06-26,194000
2016-06-27,631000
2016-06-28,663000
2016-06-29,677000
2016-06-30,659000
2016-07-01,573000
2016-07-02,277000
2016-07-03,247000
2016-07-04,286000
2016-07-05,609000
2016-07-06,646000
2016-07-07,655000
2016-07-08,585000
2016-07-09,237000
2016-07-10,188000
2016-07-11,616000
2016-07-12,651000
2016-07-13,650000
2016-07-14,653000
2016-07-15,624000
2016-07-16,319000
2016-07-17,206000
2016-07-18,592000
2016-07-19,675000
2016-07-20,673000
2016-07-21,664000
2016-07-22,613000
2016-07-23,244000
2016-07-24,192000
2016-07-25,583000
2016-07-26,633000
2016-07-27,632000
2016-07-28,619000
2016-07-29,555000
2016-07-30,224000
2016-07-31,178000
2016-08-01,566000
2016-08-02,613000
2016-08-03,617000
2016-08-04,617000
2016-08-05,575000
2016-08-06,236000
2016-08-07,184000
2016-08-08,565000
2016-08-09,619000
2016-08-10,619000
2016-08-11,589000
2016-08-12,543000
2016-08-13,211000
2016-08-14,152000
2016-08-15,534000
2016-08-16,571000
2016-08-17,575000
2016-08-18,581000
2016-08-19,540000
2016-08-20,209000
2016-08-21,138000
2016-08-22,556000
2016-08-23,597000
2016-08-24,626000
2016-08-25,627000
2016-08-26,573000
2016-08-27,228000
2016-08-28,167000
2016-08-29,560000
2016-08-30,601000
2016-08-31,598000
2016-09-01,594000
2016-09-02,520000
2016-09-03,209000
2016-09-04,178000
2016-09-05,175000
2016-09-06,588000
2016-09-07,621000
2016-09-08,640000
2016-09-09,589000
2016-09-10,225000
2016-09-11,170000
2016-09-12,618000
2016-09-13,664000
2016-09-14,660000
2016-09-15,639000
2016-09-16,593000
2016-09-17,248000
2016-09-18,173000
2016-09-19,583000
2016-09-20,633000
2016-09-21,641000
2016-09-22,658000
2016-09-23,604000
2016-09-24,305000
2016-09-25,184000
2016-09-26,607000
2016-09-27,647000
2016-09-28,641000
2016-09-29,629000
2016-09-30,592000
2016-10-01,223000
2016-10-02,188000
2016-10-03,610000
2016-10-04,647000
2016-10-05,658000
2016-10-06,650000
2016-10-07,624000
2016-10-08,249000
2016-10-09,239000
2016-10-10,329000
2016-10-11,636000
2016-10-12,610000
2016-10-13,657000
2016-10-14,596000
2016-10-15,244000
2016-10-16,177000
2016-10-17,602000
2016-10-18,652000
2016-10-19,645000
2016-10-20,653000
2016-10-21,597000
2016-10-22,247000
2016-10-23,164000
2016-10-24,595000
2016-10-25,635000
2016-10-26,637000
2016-10-27,641000
2016-10-28,598000
2016-10-29,238000
2016-10-30,212000
2016-10-31,561000
2016-11-01,598000
2016-11-02,614000
2016-11-03,614000
2016-11-04,565000
2016-11-05,226000
2016-11-06,150000
2016-11-07,572000
2016-11-08,574000
2016-11-09,587000
2016-11-10,604000
2016-11-11,371000
2016-11-12,227000
2016-11-13,163000
2016-11-14,582000
2016-11-15,627000
2016-11-16,629000
2016-11-17,628000
2016-11-18,582000
2016-11-19,207000
2016-11-20,147000
2016-11-21,565000
2016-11-22,568000
2016-11-23,471000
2016-11-24,90000
2016-11-25,263000
2016-11-26,184000
2016-11-27,135000
2016-11-28,552000
2016-11-29,591000
2016-11-30,598000
2016-12-01,651000
2016-12-02,573000
2016-12-03,207000
2016-12-04,144000
2016-12-05,589000
2016-12-06,611000
2016-12-07,638000
2016-12-08,624000
2016-12-09,561000
2016-12-10,203000
2016-12-11,143000
2016-12-12,577000
2016-12-13,619000
2016-12-14,619000
2016-12-15,590000
2016-12-16,528000
2016-12-17,197000
2016-12-18,138000
2016-12-19,548000
2016-12-20,565000
2016-12-21,536000
2016-12-22,486000
2016-12-23,366000
2016-12-24,107000
2016-12-25,56000
2016-12-26,152000
2016-12-27,390000
2016-12-28,440000
2016-12-29,430000
2016-12-30,387000
2016-12-31,186000
2017-01-01,127000
2017-01-02,137000
2017-01-03,534000
2017-01-04,575000
2017-01-05,587000
2017-01-06,528000
2017-01-07,156000
2017-01-08,115000
2017-01-09,564000
2017-01-10,607000
2017-01-11,623000
2017-01-12,623000
2017-01-13,572000
2017-01-14,172000
2017-01-15,164000
2017-01-16,209000
2017-01-17,593000
2017-01-18,604000
2017-01-19,622000
2017-01-20,572000
2017-01-21,1005000
2017-01-22,186000
2017-01-23,597000
2017-01-24,636000
2017-01-25,637000
2017-01-26,642000
2017-01-27,649000
2017-01-28,239000
2017-01-29,181000
2017-01-30,584000
2017-01-31,629000
2017-02-01,638000
2017-02-02,637000
2017-02-03,576000
2017-02-04,216000
2017-02-05,140000
2017-02-06,580000
2017-02-07,625000
2017-02-08,626000
2017-02-09,613000
2017-02-10,571000
2017-02-11,212000
2017-02-12,132000
2017-02-13,579000
2017-02-14,610000
2017-02-15,615000
2017-02-16,606000
2017-02-17,546000
2017-02-18,237000
2017-02-19,189000
2017-02-20,242000
2017-02-21,594000
2017-02-22,616000
2017-02-23,623000
2017-02-24,590000
2017-02-25,203000
2017-02-26,154000
2017-02-27,586000
2017-02-28,634000
2017-03-01,628000
2017-03-02,641000
2017-03-03,579000
2017-03-04,239000
2017-03-05,162000
2017-03-06,601000
2017-03-07,637000
2017-03-08,641000
2017-03-09,655000
2017-03-10,591000
2017-03-11,276000
2017-03-12,169000
2017-03-13,604000
2017-03-14,272000
2017-03-15,602000
2017-03-16,649000
2017-03-17,600000
2017-03-18,245000
2017-03-19,167000
2017-03-20,611000
2017-03-21,661000
2017-03-22,656000
2017-03-23,656000
2017-03-24,603000
2017-03-25,325000
2017-03-26,180000
2017-03-27,612000
2017-03-28,642000
2017-03-29,663000
2017-03-30,658000
2017-03-31,575000
2017-04-01,312000
2017-04-02,234000
2017-04-03,655000
2017-04-04,678000
2017-04-05,693000
2017-04-06,633000
2017-04-07,605000
2017-04-08,321000
2017-04-09,218000
2017-04-10,643000
2017-04-11,682000
2017-04-12,685000
2017-04-13,686000
2017-04-14,622000
2017-04-15,308000
2017-04-16,190000
2017-04-17,560000
2017-04-18,646000
2017-04-19,656000
2017-04-20,654000
2017-04-21,611000
2017-04-22,341000
2017-04-23,180000
2017-04-24,594000
2017-04-25,631000
2017-04-26,657000
2017-04-27,655000
2017-04-28,604000
2017-04-29,331000
2017-04-30,180000
2017-05-01,594000
2017-05-02,644000
2017-05-03,649000
2017-05-04,658000
2017-05-05,547000
2017-05-06,220000
2017-05-07,166000
2017-05-08,590000
2017-05-09,634000
2017-05-10,670000
2017-05-11,627000
2017-05-12,595000
2017-05-13,245000
2017-05-14,199000
2017-05-15,600000
2017-05-16,641000
2017-05-17,647000
2017-05-18,653000
2017-05-19,593000
2017-05-20,240000
2017-05-21,179000
2017-05-22,599000
2017-05-23,654000
2017-05-24,655000
2017-05-25,623000
2017-05-26,560000
2017-05-27,250000
2017-05-28,224000
2017-05-29,206000
2017-05-30,596000
2017-05-31,630000
2017-06-01,649000
2017-06-02,599000
2017-06-03,236000
2017-06-04,179000
2017-06-05,613000
2017-06-06,670000
2017-06-07,667000
2017-06-08,689000
2017-06-09,639000
2017-06-10,321000
2017-06-11,254000
2017-06-12,656000
2017-06-13,700000
2017-06-14,696000
2017-06-15,683000
2017-06-16,614000
2017-06-17,253000
2017-06-18,183000
2017-06-19,600000
2017-06-20,676000
2017-06-21,674000
2017-06-22,663000
2017-06-23,612000
2017-06-24,291000
2017-06-25,208000
2017-06-26,658000
2017-06-27,701000
2017-06-28,696000
2017-06-29,699000
2017-06-30,611000
2017-07-01,232000
2017-07-02,193000
2017-07-03,480000
2017-07-04,375000
2017-07-05,619000
2017-07-06,631000
2017-07-07,627000
2017-07-08,274000
2017-07-09,201000
2017-07-10,631000
2017-07-11,675000
2017-07-12,679000
2017-07-13,664000
2017-07-14,608000
2017-07-15,249000
2017-07-16,178000
2017-07-17,621000
2017-07-18,670000
2017-07-19,676000
2017-07-20,668000
2017-07-21,610000
2017-07-22,234000
2017-07-23,167000
2017-07-24,608000
2017-07-25,680000
2017-07-26,699000
2017-07-27,674000
2017-07-28,557000
2017-07-29,242000
2017-07-30,207000
2017-07-31,603000
2017-08-01,641000
2017-08-02,644000
2017-08-03,642000
2017-08-04,596000
2017-08-05,258000
2017-08-06,182000
2017-08-07,552000
2017-08-08,636000
2017-08-09,632000
2017-08-10,627000
2017-08-11,566000
2017-08-12,229000
2017-08-13,184000
2017-08-14,552000
2017-08-15,594000
2017-08-16,615000
2017-08-17,593000
2017-08-18,525000
2017-08-19,218000
2017-08-20,151000
2017-08-21,544000
2017-08-22,592000
2017-08-23,605000
2017-08-24,601000
2017-08-25,568000
2017-08-26,248000
2017-08-27,177000
2017-08-28,568000
2017-08-29,591000
2017-08-30,616000
2017-08-31,590000
2017-09-01,519000
2017-09-02,204000
2017-09-03,182000
2017-09-04,155000
2017-09-05,586000
2017-09-06,607000
2017-09-07,646000
2017-09-08,593000
2017-09-09,242000
2017-09-10,175000
2017-09-11,599000
2017-09-12,649000
2017-09-13,653000
2017-09-14,650000
2017-09-15,621000
2017-09-16,273000
2017-09-17,173000
2017-09-18,597000
2017-09-19,646000
2017-09-20,649000
2017-09-21,627000
2017-09-22,587000
2017-09-23,257000
2017-09-24,163000
2017-09-25,607000
2017-09-26,647000
2017-09-27,653000
2017-09-28,659000
2017-09-29,616000
2017-09-30,240000
2017-10-01,164000
2017-10-02,606000
2017-10-03,651000
2017-10-04,649000
2017-10-05,653000
2017-10-06,630000
2017-10-07,301000
2017-10-08,213000
2017-10-09,320000
2017-10-10,652000
2017-10-11,673000
2017-10-12,680000
2017-10-13,610000
2017-10-14,236000
2017-10-15,156000
2017-10-16,613000
2017-10-17,659000
2017-10-18,663000
2017-10-19,666000
2017-10-20,632000
2017-10-21,294000
2017-10-22,268000
2017-10-23,617000
2017-10-24,653000
2017-10-25,654000
2017-10-26,655000
2017-10-27,599000
2017-10-28,250000
2017-10-29,142000
2017-10-30,598000
2017-10-31,629000
2017-11-01,650000
2017-11-02,664000
2017-11-03,612000
2017-11-04,221000
2017-11-05,146000
2017-11-06,617000
2017-11-07,637000
2017-11-08,650000
2017-11-09,646000
2017-11-10,395000
2017-11-11,238000
2017-11-12,174000
2017-11-13,612000
2017-11-14,658000
2017-11-15,661000
2017-11-16,656000
2017-11-17,601000
2017-11-18,224000
2017-11-19,145000
2017-11-20,599000
2017-11-21,603000
2017-11-22,479000
2017-11-23,88000
2017-11-24,267000
2017-11-25,192000
2017-11-26,130000
2017-11-27,558000
2017-11-28,609000
2017-11-29,622000
2017-11-30,652000
2017-12-01,586000
2017-12-02,223000
2017-12-03,144000
2017-12-04,592000
2017-12-05,618000
2017-12-06,630000
2017-12-07,619000
2017-12-08,572000
2017-12-09,182000
2017-12-10,133000
2017-12-11,581000
2017-12-12,621000
2017-12-13,598000
2017-12-14,618000
2017-12-15,562000
2017-12-16,272000
2017-12-17,148000
2017-12-18,555000
2017-12-19,605000
2017-12-20,570000
2017-12-21,531000
2017-12-22,417000
2017-12-23,152000
2017-12-24,100000
2017-12-25,49000
2017-12-26,286000
2017-12-27,376000
2017-12-28,385000
2017-12-29,366000
2017-12-30,168000
2017-12-31,126000
2018-01-01,83000
2018-01-02,459000
2018-01-03,541000
2018-01-04,419000
2018-01-05,448000
2018-01-06,139000
2018-01-07,112000
2018-01-08,545000
2018-01-09,608000
2018-01-10,615000
2018-01-11,614000
2018-01-12,541000
2018-01-13,178000
2018-01-14,119000
2018-01-15,172000
2018-01-16,569000
2018-01-17,563000
2018-01-18,613000
2018-01-19,611000
2018-01-20,247000
2018-01-21,129000
2018-01-22,540000
2018-01-23,598000
2018-01-24,605000
2018-01-25,610000
2018-01-26,560000
2018-01-27,216000
2018-01-28,124000
2018-01-29,567000
2018-01-30,601000
2018-01-31,606000
2018-02-01,609000
2018-02-02,536000
2018-02-03,181000
2018-02-04,106000
2018-02-05,551000
2018-02-06,605000
2018-02-07,541000
2018-02-08,608000
2018-02-09,551000
2018-02-10,159000
2018-02-11,118000
2018-02-12,570000
2018-02-13,614000
2018-02-14,610000
2018-02-15,613000
2018-02-16,529000
2018-02-17,191000
2018-02-18,177000
2018-02-19,213000
2018-02-20,606000
2018-02-21,623000
2018-02-22,611000
2018-02-23,570000
2018-02-24,204000
2018-02-25,131000
2018-02-26,579000
2018-02-27,633000
2018-02-28,624000
2018-03-01,613000
2018-03-02,292000
2018-03-03,195000
2018-03-04,141000
2018-03-05,597000
2018-03-06,637000
2018-03-07,620000
2018-03-08,642000
2018-03-09,590000
2018-03-10,276000
2018-03-11,162000
2018-03-12,601000
2018-03-13,651000
2018-03-14,650000
2018-03-15,642000
2018-03-16,579000
2018-03-17,232000
2018-03-18,166000
2018-03-19,603000
2018-03-20,613000
2018-03-21,171000
2018-03-22,588000
2018-03-23,624000
2018-03-24,559000
2018-03-25,192000
2018-03-26,607000
2018-03-27,649000
2018-03-28,640000
2018-03-29,638000
2018-03-30,564000
2018-03-31,335000
2018-04-01,179000
2018-04-02,609000
2018-04-03,673000
2018-04-04,686000
2018-04-05,751000
2018-04-06,717000
2018-04-07,329000
2018-04-08,261000
2018-04-09,613000
2018-04-10,668000
2018-04-11,666000
2018-04-12,679000
2018-04-13,652000
2018-04-14,436000
2018-04-15,180000
2018-04-16,583000
2018-04-17,658000
2018-04-18,661000
2018-04-19,657000
2018-04-20,624000
2018-04-21,253000
2018-04-22,166000
2018-04-23,600000
2018-04-24,636000
2018-04-25,639000
2018-04-26,682000
2018-04-27,601000
2018-04-28,257000
2018-04-29,168000
2018-04-30,601000
2018-05-01,648000
2018-05-02,708000
2018-05-03,652000
2018-05-04,602000
2018-05-05,246000
2018-05-06,153000
2018-05-07,595000
2018-05-08,637000
2018-05-09,639000
2018-05-10,629000
2018-05-11,583000
2018-05-12,238000
2018-05-13,137000
2018-05-14,593000
2018-05-15,677000
2018-05-16,644000
2018-05-17,647000
2018-05-18,573000
2018-05-19,231000
2018-05-20,198000
2018-05-21,629000
2018-05-22,647000
2018-05-23,671000
2018-05-24,636000
2018-05-25,543000
2018-05-26,227000
2018-05-27,197000
2018-05-28,197000
2018-05-29,611000
2018-05-30,647000
2018-05-31,631000
2018-06-01,605000
2018-06-02,248000
2018-06-03,131000
2018-06-04,677000
2018-06-05,696000
2018-06-06,696000
2018-06-07,771000
2018-06-08,643000
2018-06-09,313000
2018-06-10,216000
2018-06-11,640000
2018-06-12,843000
2018-06-13,696000
2018-06-14,693000
2018-06-15,623000
2018-06-16,245000
2018-06-17,168000
2018-06-18,649000
2018-06-19,678000
2018-06-20,722000
2018-06-21,708000
2018-06-22,607000
2018-06-23,276000
2018-06-24,199000
2018-06-25,644000
2018-06-26,689000
2018-06-27,678000
2018-06-28,682000
2018-06-29,621000
2018-06-30,291000
2018-07-01,172000
2018-07-02,616000
2018-07-03,651000
2018-07-04,395000
2018-07-05,594000
2018-07-06,569000
2018-07-07,261000
2018-07-08,184000
2018-07-09,634000
2018-07-10,683000
2018-07-11,691000
2018-07-12,683000
2018-07-13,635000
2018-07-14,269000
2018-07-15,205000
2018-07-16,670000
2018-07-17,703000
2018-07-18,689000
2018-07-19,684000
2018-07-20,646000
2018-07-21,185000
2018-07-22,172000
2018-07-23,598000
2018-07-24,634000
2018-07-25,649000
2018-07-26,673000
2018-07-27,605000
2018-07-28,264000
2018-07-29,169000
2018-07-30,585000
2018-07-31,645000
2018-08-01,644000
2018-08-02,629000
2018-08-03,578000
2018-08-04,268000
2018-08-05,178000
2018-08-06,570000
2018-08-07,629000
2018-08-08,627000
2018-08-09,624000
2018-08-10,552000
2018-08-11,199000
2018-08-12,143000
2018-08-13,493000
2018-08-14,528000
2018-08-15,536000
2018-08-16,529000
2018-08-17,496000
2018-08-18,204000
2018-08-19,157000
2018-08-20,501000
2018-08-21,524000
2018-08-22,555000
2018-08-23,553000
2018-08-24,494000
2018-08-25,201000
2018-08-26,136000
2018-08-27,534000
2018-08-28,576000
2018-08-29,578000
2018-08-30,562000
2018-08-31,508000
2018-09-01,232000
2018-09-02,188000
2018-09-03,161000
2018-09-04,581000
2018-09-05,622000
2018-09-06,632000
2018-09-07,567000
2018-09-08,208000
2018-09-09,120000
2018-09-10,571000
2018-09-11,625000
2018-09-12,643000
2018-09-13,636000
2018-09-14,565000
2018-09-15,215000
2018-09-16,157000
2018-09-17,586000
2018-09-18,630000
2018-09-19,631000
2018-09-20,650000
2018-09-21,608000
2018-09-22,264000
2018-09-23,142000
2018-09-24,601000
2018-09-25,653000
2018-09-26,661000
2018-09-27,647000
2018-09-28,606000
2018-09-29,248000
2018-09-30,165000
2018-10-01,611000
2018-10-02,647000
2018-10-03,672000
2018-10-04,660000
2018-10-05,599000
2018-10-06,257000
2018-10-07,221000
2018-10-08,336000
2018-10-09,649000
2018-10-10,676000
2018-10-11,642000
2018-10-12,610000
2018-10-13,255000
2018-10-14,158000
2018-10-15,611000
2018-10-16,661000
2018-10-17,676000
2018-10-18,670000
2018-10-19,616000
2018-10-20,245000
2018-10-21,168000
2018-10-22,614000
2018-10-23,660000
2018-10-24,659000
2018-10-25,656000
2018-10-26,595000
2018-10-27,235000
2018-10-28,247000
2018-10-29,620000
2018-10-30,658000
2018-10-31,632000
2018-11-01,659000
2018-11-02,599000
2018-11-03,236000
2018-11-04,161000
2018-11-05,606000
2018-11-06,601000
2018-11-07,663000
2018-11-08,671000
2018-11-09,585000
2018-11-10,222000
2018-11-11,161000
2018-11-12,318000
2018-11-13,637000
2018-11-14,660000
2018-11-15,570000
2018-11-16,609000
2018-11-17,216000
2018-11-18,151000
2018-11-19,599000
2018-11-20,612000
2018-11-21,472000
2018-11-22,80000
2018-11-23,258000
2018-11-24,138000
2018-11-25,140000
2018-11-26,561000
2018-11-27,617000
2018-11-28,640000
2018-11-29,636000
2018-11-30,581000
2018-12-01,193000
2018-12-02,147000
2018-12-03,603000
2018-12-04,649000
2018-12-05,444000
2018-12-06,637000
2018-12-07,580000
2018-12-08,216000
2018-12-09,145000
2018-12-10,613000
2018-12-11,665000
2018-12-12,669000
2018-12-13,668000
2018-12-14,607000
2018-12-15,220000
2018-12-16,135000
2018-12-17,591000
2018-12-18,628000
2018-12-19,621000
2018-12-20,572000
2018-12-21,487000